course_id,title,domain,topic,level,duration,language,provider,tags,redirect_url,data_source
IGOT-0001,Survey Design – Foundation Level,Statistical Competencies,Survey Design,Foundation,4 hrs,"English, Hindi",Indian Institute of Public Administration (IIPA),Statistical Competencies; Survey Design; Foundation,https://igotkarmayogi.gov.in/#/explore?searchQuery=Survey%20Design,SYNTHETIC_SAMPLE_FOR_DEMO
IGOT-0002,Survey Design – Intermediate Level,Statistical Competencies,Survey Design,Intermediate,6 hrs,"English, Hindi, Regional",Ministry of Statistics and Programme Implementation (MoSPI),Statistical Competencies; Survey Design; Intermediate,https://igotkarmayogi.gov.in/#/explore?searchQuery=Survey%20Design,SYNTHETIC_SAMPLE_FOR_DEMO
IGOT-0003,Survey Design – Advanced Level,Statistical Competencies,Survey Design,Advanced,8 hrs,English,National Informatics Centre (NIC),Statistical Competencies; Survey Design; Advanced,https://igotkarmayogi.gov.in/#/explore?searchQuery=Survey%20Design,SYNTHETIC_SAMPLE_FOR_DEMO
IGOT-0004,Sampling Techniques – Foundation Level,Statistical Competencies,Sampling Techniques,Foundation,12 hrs,"English, Hindi",Capacity Building Commission (CBC),Statistical Competencies; Sampling Techniques; Foundation,https://igotkarmayogi.gov.in/#/explore?searchQuery=Sampling%20Techniques,SYNTHETIC_SAMPLE_FOR_DEMO
IGOT-0005,Sampling Techniques – Intermediate Level,Statistical Competencies,Sampling Techniques,Intermediate,20 hrs,"English, Hindi, Regional",iGOT Karmayogi Central Content Team,Statistical Competencies; Sampling Techniques; Intermediate,https://igotkarmayogi.gov.in/#/explore?searchQuery=Sampling%20Techniques,SYNTHETIC_SAMPLE_FOR_DEMO
IGOT-0006,Sampling Techniques – Advanced Level,Statistical Competencies,Sampling Techniques,Advanced,2 hrs,English,National Statistical Systems Training Academy (NSSTA),Statistical Competencies; Sampling Techniques; Advanced,https://igotkarmayogi.gov.in/#/explore?searchQuery=Sampling%20Techniques,SYNTHETIC_SAMPLE_FOR_DEMO
IGOT-0007,National Accounts Statistics – Foundation Level,Statistical Competencies,National Accounts Statistics,Foundation,4 hrs,"English, Hindi",Indian Institute of Public Administration (IIPA),Statistical Competencies; National Accounts Statistics; Foundation,https://igotkarmayogi.gov.in/#/explore?searchQuery=National%20Accounts%20Statistics,SYNTHETIC_SAMPLE_FOR_DEMO
IGOT-0008,National Accounts Statistics – Intermediate Level,Statistical Competencies,National Accounts Statistics,Intermediate,6 hrs,"English, Hindi, Regional",Ministry of Statistics and Programme Implementation (MoSPI),Statistical Competencies; National Accounts Statistics; Intermediate,https://igotkarmayogi.gov.in/#/explore?searchQuery=National%20Accounts%20Statistics,SYNTHETIC_SAMPLE_FOR_DEMO
IGOT-0009,National Accounts Statistics – Advanced Level,Statistical Competencies,National Accounts Statistics,Advanced,8 hrs,English,National Informatics Centre (NIC),Statistical Competencies; National Accounts Statistics; Advanced,https://igotkarmayogi.gov.in/#/explore?searchQuery=National%20Accounts%20Statistics,SYNTHETIC_SAMPLE_FOR_DEMO
IGOT-0010,Price Statistics & Index Numbers – Foundation Level,Statistical Competencies,Price Statistics & Index Numbers,Foundation,12 hrs,"English, Hindi",Capacity Building Commission (CBC),Statistical Competencies; Price Statistics & Index Numbers; Foundation,https://igotkarmayogi.gov.in/#/explore?searchQuery=Price%20Statistics%20%26%20Index%20Numbers,SYNTHETIC_SAMPLE_FOR_DEMO
IGOT-0011,Price Statistics & Index Numbers – Intermediate Level,Statistical Competencies,Price Statistics & Index Numbers,Intermediate,20 hrs,"English, Hindi, Regional",iGOT Karmayogi Central Content Team,Statistical Competencies; Price Statistics & Index Numbers; Intermediate,https://igotkarmayogi.gov.in/#/explore?searchQuery=Price%20Statistics%20%26%20Index%20Numbers,SYNTHETIC_SAMPLE_FOR_DEMO
IGOT-0012,Price Statistics & Index Numbers – Advanced Level,Statistical Competencies,Price Statistics & Index Numbers,Advanced,2 hrs,English,National Statistical Systems Training Academy (NSSTA),Statistical Competencies; Price Statistics & Index Numbers; Advanced,https://igotkarmayogi.gov.in/#/explore?searchQuery=Price%20Statistics%20%26%20Index%20Numbers,SYNTHETIC_SAMPLE_FOR_DEMO
IGOT-0013,Labour Statistics – Foundation Level,Statistical Competencies,Labour Statistics,Foundation,4 hrs,"English, Hindi",Indian Institute of Public Administration (IIPA),Statistical Competencies; Labour Statistics; Foundation,https://igotkarmayogi.gov.in/#/explore?searchQuery=Labour%20Statistics,SYNTHETIC_SAMPLE_FOR_DEMO
IGOT-0014,Labour Statistics – Intermediate Level,Statistical Competencies,Labour Statistics,Intermediate,6 hrs,"English, Hindi, Regional",Ministry of Statistics and Programme Implementation (MoSPI),Statistical Competencies; Labour Statistics; Intermediate,https://igotkarmayogi.gov.in/#/explore?searchQuery=Labour%20Statistics,SYNTHETIC_SAMPLE_FOR_DEMO
IGOT-0015,Labour Statistics – Advanced Level,Statistical Competencies,Labour Statistics,Advanced,8 hrs,English,National Informatics Centre (NIC),Statistical Competencies; Labour Statistics; Advanced,https://igotkarmayogi.gov.in/#/explore?searchQuery=Labour%20Statistics,SYNTHETIC_SAMPLE_FOR_DEMO
IGOT-0016,Agricultural Statistics – Foundation Level,Statistical Competencies,Agricultural Statistics,Foundation,12 hrs,"English, Hindi",Capacity Building Commission (CBC),Statistical Competencies; Agricultural Statistics; Foundation,https://igotkarmayogi.gov.in/#/explore?searchQuery=Agricultural%20Statistics,SYNTHETIC_SAMPLE_FOR_DEMO
IGOT-0017,Agricultural Statistics – Intermediate Level,Statistical Competencies,Agricultural Statistics,Intermediate,20 hrs,"English, Hindi, Regional",iGOT Karmayogi Central Content Team,Statistical Competencies; Agricultural Statistics; Intermediate,https://igotkarmayogi.gov.in/#/explore?searchQuery=Agricultural%20Statistics,SYNTHETIC_SAMPLE_FOR_DEMO
IGOT-0018,Agricultural Statistics – Advanced Level,Statistical Competencies,Agricultural Statistics,Advanced,2 hrs,English,National Statistical Systems Training Academy (NSSTA),Statistical Competencies; Agricultural Statistics; Advanced,https://igotkarmayogi.gov.in/#/explore?searchQuery=Agricultural%20Statistics,SYNTHETIC_SAMPLE_FOR_DEMO
IGOT-0019,Industrial Statistics – Foundation Level,Statistical Competencies,Industrial Statistics,Foundation,4 hrs,"English, Hindi",Indian Institute of Public Administration (IIPA),Statistical Competencies; Industrial Statistics; Foundation,https://igotkarmayogi.gov.in/#/explore?searchQuery=Industrial%20Statistics,SYNTHETIC_SAMPLE_FOR_DEMO
IGOT-0020,Industrial Statistics – Intermediate Level,Statistical Competencies,Industrial Statistics,Intermediate,6 hrs,"English, Hindi, Regional",Ministry of Statistics and Programme Implementation (MoSPI),Statistical Competencies; Industrial Statistics; Intermediate,https://igotkarmayogi.gov.in/#/explore?searchQuery=Industrial%20Statistics,SYNTHETIC_SAMPLE_FOR_DEMO
IGOT-0021,Industrial Statistics – Advanced Level,Statistical Competencies,Industrial Statistics,Advanced,8 hrs,English,National Informatics Centre (NIC),Statistical Competencies; Industrial Statistics; Advanced,https://igotkarmayogi.gov.in/#/explore?searchQuery=Industrial%20Statistics,SYNTHETIC_SAMPLE_FOR_DEMO
IGOT-0022,SDG Indicators Framework – Foundation Level,Statistical Competencies,SDG Indicators Framework,Foundation,12 hrs,"English, Hindi",Capacity Building Commission (CBC),Statistical Competencies; SDG Indicators Framework; Foundation,https://igotkarmayogi.gov.in/#/explore?searchQuery=SDG%20Indicators%20Framework,SYNTHETIC_SAMPLE_FOR_DEMO
IGOT-0023,SDG Indicators Framework – Intermediate Level,Statistical Competencies,SDG Indicators Framework,Intermediate,20 hrs,"English, Hindi, Regional",iGOT Karmayogi Central Content Team,Statistical Competencies; SDG Indicators Framework; Intermediate,https://igotkarmayogi.gov.in/#/explore?searchQuery=SDG%20Indicators%20Framework,SYNTHETIC_SAMPLE_FOR_DEMO
IGOT-0024,SDG Indicators Framework – Advanced Level,Statistical Competencies,SDG Indicators Framework,Advanced,2 hrs,English,National Statistical Systems Training Academy (NSSTA),Statistical Competencies; SDG Indicators Framework; Advanced,https://igotkarmayogi.gov.in/#/explore?searchQuery=SDG%20Indicators%20Framework,SYNTHETIC_SAMPLE_FOR_DEMO
IGOT-0025,Metadata Standards (SDMX) – Foundation Level,Statistical Competencies,Metadata Standards (SDMX),Foundation,4 hrs,"English, Hindi",Indian Institute of Public Administration (IIPA),Statistical Competencies; Metadata Standards (SDMX); Foundation,https://igotkarmayogi.gov.in/#/explore?searchQuery=Metadata%20Standards%20%28SDMX%29,SYNTHETIC_SAMPLE_FOR_DEMO
IGOT-0026,Metadata Standards (SDMX) – Intermediate Level,Statistical Competencies,Metadata Standards (SDMX),Intermediate,6 hrs,"English, Hindi, Regional",Ministry of Statistics and Programme Implementation (MoSPI),Statistical Competencies; Metadata Standards (SDMX); Intermediate,https://igotkarmayogi.gov.in/#/explore?searchQuery=Metadata%20Standards%20%28SDMX%29,SYNTHETIC_SAMPLE_FOR_DEMO
IGOT-0027,Metadata Standards (SDMX) – Advanced Level,Statistical Competencies,Metadata Standards (SDMX),Advanced,8 hrs,English,National Informatics Centre (NIC),Statistical Competencies; Metadata Standards (SDMX); Advanced,https://igotkarmayogi.gov.in/#/explore?searchQuery=Metadata%20Standards%20%28SDMX%29,SYNTHETIC_SAMPLE_FOR_DEMO
IGOT-0028,Data Quality Frameworks – Foundation Level,Statistical Competencies,Data Quality Frameworks,Foundation,12 hrs,"English, Hindi",Capacity Building Commission (CBC),Statistical Competencies; Data Quality Frameworks; Foundation,https://igotkarmayogi.gov.in/#/explore?searchQuery=Data%20Quality%20Frameworks,SYNTHETIC_SAMPLE_FOR_DEMO
IGOT-0029,Data Quality Frameworks – Intermediate Level,Statistical Competencies,Data Quality Frameworks,Intermediate,20 hrs,"English, Hindi, Regional",iGOT Karmayogi Central Content Team,Statistical Competencies; Data Quality Frameworks; Intermediate,https://igotkarmayogi.gov.in/#/explore?searchQuery=Data%20Quality%20Frameworks,SYNTHETIC_SAMPLE_FOR_DEMO
IGOT-0030,Data Quality Frameworks – Advanced Level,Statistical Competencies,Data Quality Frameworks,Advanced,2 hrs,English,National Statistical Systems Training Academy (NSSTA),Statistical Competencies; Data Quality Frameworks; Advanced,https://igotkarmayogi.gov.in/#/explore?searchQuery=Data%20Quality%20Frameworks,SYNTHETIC_SAMPLE_FOR_DEMO
IGOT-0031,Census Methodology – Foundation Level,Statistical Competencies,Census Methodology,Foundation,4 hrs,"English, Hindi",Indian Institute of Public Administration (IIPA),Statistical Competencies; Census Methodology; Foundation,https://igotkarmayogi.gov.in/#/explore?searchQuery=Census%20Methodology,SYNTHETIC_SAMPLE_FOR_DEMO
IGOT-0032,Census Methodology – Intermediate Level,Statistical Competencies,Census Methodology,Intermediate,6 hrs,"English, Hindi, Regional",Ministry of Statistics and Programme Implementation (MoSPI),Statistical Competencies; Census Methodology; Intermediate,https://igotkarmayogi.gov.in/#/explore?searchQuery=Census%20Methodology,SYNTHETIC_SAMPLE_FOR_DEMO
IGOT-0033,Census Methodology – Advanced Level,Statistical Competencies,Census Methodology,Advanced,8 hrs,English,National Informatics Centre (NIC),Statistical Competencies; Census Methodology; Advanced,https://igotkarmayogi.gov.in/#/explore?searchQuery=Census%20Methodology,SYNTHETIC_SAMPLE_FOR_DEMO
IGOT-0034,Economic Statistics – Foundation Level,Statistical Competencies,Economic Statistics,Foundation,12 hrs,"English, Hindi",Capacity Building Commission (CBC),Statistical Competencies; Economic Statistics; Foundation,https://igotkarmayogi.gov.in/#/explore?searchQuery=Economic%20Statistics,SYNTHETIC_SAMPLE_FOR_DEMO
IGOT-0035,Economic Statistics – Intermediate Level,Statistical Competencies,Economic Statistics,Intermediate,20 hrs,"English, Hindi, Regional",iGOT Karmayogi Central Content Team,Statistical Competencies; Economic Statistics; Intermediate,https://igotkarmayogi.gov.in/#/explore?searchQuery=Economic%20Statistics,SYNTHETIC_SAMPLE_FOR_DEMO
IGOT-0036,Economic Statistics – Advanced Level,Statistical Competencies,Economic Statistics,Advanced,2 hrs,English,National Statistical Systems Training Academy (NSSTA),Statistical Competencies; Economic Statistics; Advanced,https://igotkarmayogi.gov.in/#/explore?searchQuery=Economic%20Statistics,SYNTHETIC_SAMPLE_FOR_DEMO
IGOT-0037,Time Series Analysis for Official Statistics – Foundation Level,Statistical Competencies,Time Series Analysis for Official Statistics,Foundation,4 hrs,"English, Hindi",Indian Institute of Public Administration (IIPA),Statistical Competencies; Time Series Analysis for Official Statistics; Foundation,https://igotkarmayogi.gov.in/#/explore?searchQuery=Time%20Series%20Analysis%20for%20Official%20Statistics,SYNTHETIC_SAMPLE_FOR_DEMO
IGOT-0038,Time Series Analysis for Official Statistics – Intermediate Level,Statistical Competencies,Time Series Analysis for Official Statistics,Intermediate,6 hrs,"English, Hindi, Regional",Ministry of Statistics and Programme Implementation (MoSPI),Statistical Competencies; Time Series Analysis for Official Statistics; Intermediate,https://igotkarmayogi.gov.in/#/explore?searchQuery=Time%20Series%20Analysis%20for%20Official%20Statistics,SYNTHETIC_SAMPLE_FOR_DEMO
IGOT-0039,Time Series Analysis for Official Statistics – Advanced Level,Statistical Competencies,Time Series Analysis for Official Statistics,Advanced,8 hrs,English,National Informatics Centre (NIC),Statistical Competencies; Time Series Analysis for Official Statistics; Advanced,https://igotkarmayogi.gov.in/#/explore?searchQuery=Time%20Series%20Analysis%20for%20Official%20Statistics,SYNTHETIC_SAMPLE_FOR_DEMO
IGOT-0040,Statistical Estimation Methods – Foundation Level,Statistical Competencies,Statistical Estimation Methods,Foundation,12 hrs,"English, Hindi",Capacity Building Commission (CBC),Statistical Competencies; Statistical Estimation Methods; Foundation,https://igotkarmayogi.gov.in/#/explore?searchQuery=Statistical%20Estimation%20Methods,SYNTHETIC_SAMPLE_FOR_DEMO
IGOT-0041,Statistical Estimation Methods – Intermediate Level,Statistical Competencies,Statistical Estimation Methods,Intermediate,20 hrs,"English, Hindi, Regional",iGOT Karmayogi Central Content Team,Statistical Competencies; Statistical Estimation Methods; Intermediate,https://igotkarmayogi.gov.in/#/explore?searchQuery=Statistical%20Estimation%20Methods,SYNTHETIC_SAMPLE_FOR_DEMO
IGOT-0042,Statistical Estimation Methods – Advanced Level,Statistical Competencies,Statistical Estimation Methods,Advanced,2 hrs,English,National Statistical Systems Training Academy (NSSTA),Statistical Competencies; Statistical Estimation Methods; Advanced,https://igotkarmayogi.gov.in/#/explore?searchQuery=Statistical%20Estimation%20Methods,SYNTHETIC_SAMPLE_FOR_DEMO
IGOT-0043,Administrative Data Integration – Foundation Level,Statistical Competencies,Administrative Data Integration,Foundation,4 hrs,"English, Hindi",Indian Institute of Public Administration (IIPA),Statistical Competencies; Administrative Data Integration; Foundation,https://igotkarmayogi.gov.in/#/explore?searchQuery=Administrative%20Data%20Integration,SYNTHETIC_SAMPLE_FOR_DEMO
IGOT-0044,Administrative Data Integration – Intermediate Level,Statistical Competencies,Administrative Data Integration,Intermediate,6 hrs,"English, Hindi, Regional",Ministry of Statistics and Programme Implementation (MoSPI),Statistical Competencies; Administrative Data Integration; Intermediate,https://igotkarmayogi.gov.in/#/explore?searchQuery=Administrative%20Data%20Integration,SYNTHETIC_SAMPLE_FOR_DEMO
IGOT-0045,Administrative Data Integration – Advanced Level,Statistical Competencies,Administrative Data Integration,Advanced,8 hrs,English,National Informatics Centre (NIC),Statistical Competencies; Administrative Data Integration; Advanced,https://igotkarmayogi.gov.in/#/explore?searchQuery=Administrative%20Data%20Integration,SYNTHETIC_SAMPLE_FOR_DEMO
IGOT-0046,Python for Data Analysis – Foundation Level,Technical Competencies,Python for Data Analysis,Foundation,12 hrs,"English, Hindi",Capacity Building Commission (CBC),Technical Competencies; Python for Data Analysis; Foundation,https://igotkarmayogi.gov.in/#/explore?searchQuery=Python%20for%20Data%20Analysis,SYNTHETIC_SAMPLE_FOR_DEMO
IGOT-0047,Python for Data Analysis – Intermediate Level,Technical Competencies,Python for Data Analysis,Intermediate,20 hrs,"English, Hindi, Regional",iGOT Karmayogi Central Content Team,Technical Competencies; Python for Data Analysis; Intermediate,https://igotkarmayogi.gov.in/#/explore?searchQuery=Python%20for%20Data%20Analysis,SYNTHETIC_SAMPLE_FOR_DEMO
IGOT-0048,Python for Data Analysis – Advanced Level,Technical Competencies,Python for Data Analysis,Advanced,2 hrs,English,National Statistical Systems Training Academy (NSSTA),Technical Competencies; Python for Data Analysis; Advanced,https://igotkarmayogi.gov.in/#/explore?searchQuery=Python%20for%20Data%20Analysis,SYNTHETIC_SAMPLE_FOR_DEMO
IGOT-0049,R Programming for Statisticians – Foundation Level,Technical Competencies,R Programming for Statisticians,Foundation,4 hrs,"English, Hindi",Indian Institute of Public Administration (IIPA),Technical Competencies; R Programming for Statisticians; Foundation,https://igotkarmayogi.gov.in/#/explore?searchQuery=R%20Programming%20for%20Statisticians,SYNTHETIC_SAMPLE_FOR_DEMO
IGOT-0050,R Programming for Statisticians – Intermediate Level,Technical Competencies,R Programming for Statisticians,Intermediate,6 hrs,"English, Hindi, Regional",Ministry of Statistics and Programme Implementation (MoSPI),Technical Competencies; R Programming for Statisticians; Intermediate,https://igotkarmayogi.gov.in/#/explore?searchQuery=R%20Programming%20for%20Statisticians,SYNTHETIC_SAMPLE_FOR_DEMO
IGOT-0051,R Programming for Statisticians – Advanced Level,Technical Competencies,R Programming for Statisticians,Advanced,8 hrs,English,National Informatics Centre (NIC),Technical Competencies; R Programming for Statisticians; Advanced,https://igotkarmayogi.gov.in/#/explore?searchQuery=R%20Programming%20for%20Statisticians,SYNTHETIC_SAMPLE_FOR_DEMO
IGOT-0052,SQL for Data Management – Foundation Level,Technical Competencies,SQL for Data Management,Foundation,12 hrs,"English, Hindi",Capacity Building Commission (CBC),Technical Competencies; SQL for Data Management; Foundation,https://igotkarmayogi.gov.in/#/explore?searchQuery=SQL%20for%20Data%20Management,SYNTHETIC_SAMPLE_FOR_DEMO
IGOT-0053,SQL for Data Management – Intermediate Level,Technical Competencies,SQL for Data Management,Intermediate,20 hrs,"English, Hindi, Regional",iGOT Karmayogi Central Content Team,Technical Competencies; SQL for Data Management; Intermediate,https://igotkarmayogi.gov.in/#/explore?searchQuery=SQL%20for%20Data%20Management,SYNTHETIC_SAMPLE_FOR_DEMO
IGOT-0054,SQL for Data Management – Advanced Level,Technical Competencies,SQL for Data Management,Advanced,2 hrs,English,National Statistical Systems Training Academy (NSSTA),Technical Competencies; SQL for Data Management; Advanced,https://igotkarmayogi.gov.in/#/explore?searchQuery=SQL%20for%20Data%20Management,SYNTHETIC_SAMPLE_FOR_DEMO
IGOT-0055,Stata for Survey Data – Foundation Level,Technical Competencies,Stata for Survey Data,Foundation,4 hrs,"English, Hindi",Indian Institute of Public Administration (IIPA),Technical Competencies; Stata for Survey Data; Foundation,https://igotkarmayogi.gov.in/#/explore?searchQuery=Stata%20for%20Survey%20Data,SYNTHETIC_SAMPLE_FOR_DEMO
IGOT-0056,Stata for Survey Data – Intermediate Level,Technical Competencies,Stata for Survey Data,Intermediate,6 hrs,"English, Hindi, Regional",Ministry of Statistics and Programme Implementation (MoSPI),Technical Competencies; Stata for Survey Data; Intermediate,https://igotkarmayogi.gov.in/#/explore?searchQuery=Stata%20for%20Survey%20Data,SYNTHETIC_SAMPLE_FOR_DEMO
IGOT-0057,Stata for Survey Data – Advanced Level,Technical Competencies,Stata for Survey Data,Advanced,8 hrs,English,National Informatics Centre (NIC),Technical Competencies; Stata for Survey Data; Advanced,https://igotkarmayogi.gov.in/#/explore?searchQuery=Stata%20for%20Survey%20Data,SYNTHETIC_SAMPLE_FOR_DEMO
IGOT-0058,SPSS Fundamentals – Foundation Level,Technical Competencies,SPSS Fundamentals,Foundation,12 hrs,"English, Hindi",Capacity Building Commission (CBC),Technical Competencies; SPSS Fundamentals; Foundation,https://igotkarmayogi.gov.in/#/explore?searchQuery=SPSS%20Fundamentals,SYNTHETIC_SAMPLE_FOR_DEMO
IGOT-0059,SPSS Fundamentals – Intermediate Level,Technical Competencies,SPSS Fundamentals,Intermediate,20 hrs,"English, Hindi, Regional",iGOT Karmayogi Central Content Team,Technical Competencies; SPSS Fundamentals; Intermediate,https://igotkarmayogi.gov.in/#/explore?searchQuery=SPSS%20Fundamentals,SYNTHETIC_SAMPLE_FOR_DEMO
IGOT-0060,SPSS Fundamentals – Advanced Level,Technical Competencies,SPSS Fundamentals,Advanced,2 hrs,English,National Statistical Systems Training Academy (NSSTA),Technical Competencies; SPSS Fundamentals; Advanced,https://igotkarmayogi.gov.in/#/explore?searchQuery=SPSS%20Fundamentals,SYNTHETIC_SAMPLE_FOR_DEMO
IGOT-0061,SAS Programming – Foundation Level,Technical Competencies,SAS Programming,Foundation,4 hrs,"English, Hindi",Indian Institute of Public Administration (IIPA),Technical Competencies; SAS Programming; Foundation,https://igotkarmayogi.gov.in/#/explore?searchQuery=SAS%20Programming,SYNTHETIC_SAMPLE_FOR_DEMO
IGOT-0062,SAS Programming – Intermediate Level,Technical Competencies,SAS Programming,Intermediate,6 hrs,"English, Hindi, Regional",Ministry of Statistics and Programme Implementation (MoSPI),Technical Competencies; SAS Programming; Intermediate,https://igotkarmayogi.gov.in/#/explore?searchQuery=SAS%20Programming,SYNTHETIC_SAMPLE_FOR_DEMO
IGOT-0063,SAS Programming – Advanced Level,Technical Competencies,SAS Programming,Advanced,8 hrs,English,National Informatics Centre (NIC),Technical Competencies; SAS Programming; Advanced,https://igotkarmayogi.gov.in/#/explore?searchQuery=SAS%20Programming,SYNTHETIC_SAMPLE_FOR_DEMO
IGOT-0064,GIS & Spatial Data Analysis – Foundation Level,Technical Competencies,GIS & Spatial Data Analysis,Foundation,12 hrs,"English, Hindi",Capacity Building Commission (CBC),Technical Competencies; GIS & Spatial Data Analysis; Foundation,https://igotkarmayogi.gov.in/#/explore?searchQuery=GIS%20%26%20Spatial%20Data%20Analysis,SYNTHETIC_SAMPLE_FOR_DEMO
IGOT-0065,GIS & Spatial Data Analysis – Intermediate Level,Technical Competencies,GIS & Spatial Data Analysis,Intermediate,20 hrs,"English, Hindi, Regional",iGOT Karmayogi Central Content Team,Technical Competencies; GIS & Spatial Data Analysis; Intermediate,https://igotkarmayogi.gov.in/#/explore?searchQuery=GIS%20%26%20Spatial%20Data%20Analysis,SYNTHETIC_SAMPLE_FOR_DEMO
IGOT-0066,GIS & Spatial Data Analysis – Advanced Level,Technical Competencies,GIS & Spatial Data Analysis,Advanced,2 hrs,English,National Statistical Systems Training Academy (NSSTA),Technical Competencies; GIS & Spatial Data Analysis; Advanced,https://igotkarmayogi.gov.in/#/explore?searchQuery=GIS%20%26%20Spatial%20Data%20Analysis,SYNTHETIC_SAMPLE_FOR_DEMO
IGOT-0067,Data Visualization with Dashboards – Foundation Level,Technical Competencies,Data Visualization with Dashboards,Foundation,4 hrs,"English, Hindi",Indian Institute of Public Administration (IIPA),Technical Competencies; Data Visualization with Dashboards; Foundation,https://igotkarmayogi.gov.in/#/explore?searchQuery=Data%20Visualization%20with%20Dashboards,SYNTHETIC_SAMPLE_FOR_DEMO
IGOT-0068,Data Visualization with Dashboards – Intermediate Level,Technical Competencies,Data Visualization with Dashboards,Intermediate,6 hrs,"English, Hindi, Regional",Ministry of Statistics and Programme Implementation (MoSPI),Technical Competencies; Data Visualization with Dashboards; Intermediate,https://igotkarmayogi.gov.in/#/explore?searchQuery=Data%20Visualization%20with%20Dashboards,SYNTHETIC_SAMPLE_FOR_DEMO
IGOT-0069,Data Visualization with Dashboards – Advanced Level,Technical Competencies,Data Visualization with Dashboards,Advanced,8 hrs,English,National Informatics Centre (NIC),Technical Competencies; Data Visualization with Dashboards; Advanced,https://igotkarmayogi.gov.in/#/explore?searchQuery=Data%20Visualization%20with%20Dashboards,SYNTHETIC_SAMPLE_FOR_DEMO
IGOT-0070,AI/ML Foundations – Foundation Level,Technical Competencies,AI/ML Foundations,Foundation,12 hrs,"English, Hindi",Capacity Building Commission (CBC),Technical Competencies; AI/ML Foundations; Foundation,https://igotkarmayogi.gov.in/#/explore?searchQuery=AI/ML%20Foundations,SYNTHETIC_SAMPLE_FOR_DEMO
IGOT-0071,AI/ML Foundations – Intermediate Level,Technical Competencies,AI/ML Foundations,Intermediate,20 hrs,"English, Hindi, Regional",iGOT Karmayogi Central Content Team,Technical Competencies; AI/ML Foundations; Intermediate,https://igotkarmayogi.gov.in/#/explore?searchQuery=AI/ML%20Foundations,SYNTHETIC_SAMPLE_FOR_DEMO
IGOT-0072,AI/ML Foundations – Advanced Level,Technical Competencies,AI/ML Foundations,Advanced,2 hrs,English,National Statistical Systems Training Academy (NSSTA),Technical Competencies; AI/ML Foundations; Advanced,https://igotkarmayogi.gov.in/#/explore?searchQuery=AI/ML%20Foundations,SYNTHETIC_SAMPLE_FOR_DEMO
IGOT-0073,Cloud Computing Essentials – Foundation Level,Technical Competencies,Cloud Computing Essentials,Foundation,4 hrs,"English, Hindi",Indian Institute of Public Administration (IIPA),Technical Competencies; Cloud Computing Essentials; Foundation,https://igotkarmayogi.gov.in/#/explore?searchQuery=Cloud%20Computing%20Essentials,SYNTHETIC_SAMPLE_FOR_DEMO
IGOT-0074,Cloud Computing Essentials – Intermediate Level,Technical Competencies,Cloud Computing Essentials,Intermediate,6 hrs,"English, Hindi, Regional",Ministry of Statistics and Programme Implementation (MoSPI),Technical Competencies; Cloud Computing Essentials; Intermediate,https://igotkarmayogi.gov.in/#/explore?searchQuery=Cloud%20Computing%20Essentials,SYNTHETIC_SAMPLE_FOR_DEMO
IGOT-0075,Cloud Computing Essentials – Advanced Level,Technical Competencies,Cloud Computing Essentials,Advanced,8 hrs,English,National Informatics Centre (NIC),Technical Competencies; Cloud Computing Essentials; Advanced,https://igotkarmayogi.gov.in/#/explore?searchQuery=Cloud%20Computing%20Essentials,SYNTHETIC_SAMPLE_FOR_DEMO
IGOT-0076,API Integration & Development – Foundation Level,Technical Competencies,API Integration & Development,Foundation,12 hrs,"English, Hindi",Capacity Building Commission (CBC),Technical Competencies; API Integration & Development; Foundation,https://igotkarmayogi.gov.in/#/explore?searchQuery=API%20Integration%20%26%20Development,SYNTHETIC_SAMPLE_FOR_DEMO
IGOT-0077,API Integration & Development – Intermediate Level,Technical Competencies,API Integration & Development,Intermediate,20 hrs,"English, Hindi, Regional",iGOT Karmayogi Central Content Team,Technical Competencies; API Integration & Development; Intermediate,https://igotkarmayogi.gov.in/#/explore?searchQuery=API%20Integration%20%26%20Development,SYNTHETIC_SAMPLE_FOR_DEMO
IGOT-0078,API Integration & Development – Advanced Level,Technical Competencies,API Integration & Development,Advanced,2 hrs,English,National Statistical Systems Training Academy (NSSTA),Technical Competencies; API Integration & Development; Advanced,https://igotkarmayogi.gov.in/#/explore?searchQuery=API%20Integration%20%26%20Development,SYNTHETIC_SAMPLE_FOR_DEMO
IGOT-0079,Open Data Publishing – Foundation Level,Technical Competencies,Open Data Publishing,Foundation,4 hrs,"English, Hindi",Indian Institute of Public Administration (IIPA),Technical Competencies; Open Data Publishing; Foundation,https://igotkarmayogi.gov.in/#/explore?searchQuery=Open%20Data%20Publishing,SYNTHETIC_SAMPLE_FOR_DEMO
IGOT-0080,Open Data Publishing – Intermediate Level,Technical Competencies,Open Data Publishing,Intermediate,6 hrs,"English, Hindi, Regional",Ministry of Statistics and Programme Implementation (MoSPI),Technical Competencies; Open Data Publishing; Intermediate,https://igotkarmayogi.gov.in/#/explore?searchQuery=Open%20Data%20Publishing,SYNTHETIC_SAMPLE_FOR_DEMO
IGOT-0081,Open Data Publishing – Advanced Level,Technical Competencies,Open Data Publishing,Advanced,8 hrs,English,National Informatics Centre (NIC),Technical Competencies; Open Data Publishing; Advanced,https://igotkarmayogi.gov.in/#/explore?searchQuery=Open%20Data%20Publishing,SYNTHETIC_SAMPLE_FOR_DEMO
IGOT-0082,Big Data Analytics – Foundation Level,Technical Competencies,Big Data Analytics,Foundation,12 hrs,"English, Hindi",Capacity Building Commission (CBC),Technical Competencies; Big Data Analytics; Foundation,https://igotkarmayogi.gov.in/#/explore?searchQuery=Big%20Data%20Analytics,SYNTHETIC_SAMPLE_FOR_DEMO
IGOT-0083,Big Data Analytics – Intermediate Level,Technical Competencies,Big Data Analytics,Intermediate,20 hrs,"English, Hindi, Regional",iGOT Karmayogi Central Content Team,Technical Competencies; Big Data Analytics; Intermediate,https://igotkarmayogi.gov.in/#/explore?searchQuery=Big%20Data%20Analytics,SYNTHETIC_SAMPLE_FOR_DEMO
IGOT-0084,Big Data Analytics – Advanced Level,Technical Competencies,Big Data Analytics,Advanced,2 hrs,English,National Statistical Systems Training Academy (NSSTA),Technical Competencies; Big Data Analytics; Advanced,https://igotkarmayogi.gov.in/#/explore?searchQuery=Big%20Data%20Analytics,SYNTHETIC_SAMPLE_FOR_DEMO
IGOT-0085,Data Engineering Pipelines – Foundation Level,Technical Competencies,Data Engineering Pipelines,Foundation,4 hrs,"English, Hindi",Indian Institute of Public Administration (IIPA),Technical Competencies; Data Engineering Pipelines; Foundation,https://igotkarmayogi.gov.in/#/explore?searchQuery=Data%20Engineering%20Pipelines,SYNTHETIC_SAMPLE_FOR_DEMO
IGOT-0086,Data Engineering Pipelines – Intermediate Level,Technical Competencies,Data Engineering Pipelines,Intermediate,6 hrs,"English, Hindi, Regional",Ministry of Statistics and Programme Implementation (MoSPI),Technical Competencies; Data Engineering Pipelines; Intermediate,https://igotkarmayogi.gov.in/#/explore?searchQuery=Data%20Engineering%20Pipelines,SYNTHETIC_SAMPLE_FOR_DEMO
IGOT-0087,Data Engineering Pipelines – Advanced Level,Technical Competencies,Data Engineering Pipelines,Advanced,8 hrs,English,National Informatics Centre (NIC),Technical Competencies; Data Engineering Pipelines; Advanced,https://igotkarmayogi.gov.in/#/explore?searchQuery=Data%20Engineering%20Pipelines,SYNTHETIC_SAMPLE_FOR_DEMO
IGOT-0088,NLP for Government Text Data – Foundation Level,Technical Competencies,NLP for Government Text Data,Foundation,12 hrs,"English, Hindi",Capacity Building Commission (CBC),Technical Competencies; NLP for Government Text Data; Foundation,https://igotkarmayogi.gov.in/#/explore?searchQuery=NLP%20for%20Government%20Text%20Data,SYNTHETIC_SAMPLE_FOR_DEMO
IGOT-0089,NLP for Government Text Data – Intermediate Level,Technical Competencies,NLP for Government Text Data,Intermediate,20 hrs,"English, Hindi, Regional",iGOT Karmayogi Central Content Team,Technical Competencies; NLP for Government Text Data; Intermediate,https://igotkarmayogi.gov.in/#/explore?searchQuery=NLP%20for%20Government%20Text%20Data,SYNTHETIC_SAMPLE_FOR_DEMO
IGOT-0090,NLP for Government Text Data – Advanced Level,Technical Competencies,NLP for Government Text Data,Advanced,2 hrs,English,National Statistical Systems Training Academy (NSSTA),Technical Competencies; NLP for Government Text Data; Advanced,https://igotkarmayogi.gov.in/#/explore?searchQuery=NLP%20for%20Government%20Text%20Data,SYNTHETIC_SAMPLE_FOR_DEMO
IGOT-0091,Cybersecurity Fundamentals – Foundation Level,Digital Governance,Cybersecurity Fundamentals,Foundation,4 hrs,"English, Hindi",Indian Institute of Public Administration (IIPA),Digital Governance; Cybersecurity Fundamentals; Foundation,https://igotkarmayogi.gov.in/#/explore?searchQuery=Cybersecurity%20Fundamentals,SYNTHETIC_SAMPLE_FOR_DEMO
IGOT-0092,Cybersecurity Fundamentals – Intermediate Level,Digital Governance,Cybersecurity Fundamentals,Intermediate,6 hrs,"English, Hindi, Regional",Ministry of Statistics and Programme Implementation (MoSPI),Digital Governance; Cybersecurity Fundamentals; Intermediate,https://igotkarmayogi.gov.in/#/explore?searchQuery=Cybersecurity%20Fundamentals,SYNTHETIC_SAMPLE_FOR_DEMO
IGOT-0093,Cybersecurity Fundamentals – Advanced Level,Digital Governance,Cybersecurity Fundamentals,Advanced,8 hrs,English,National Informatics Centre (NIC),Digital Governance; Cybersecurity Fundamentals; Advanced,https://igotkarmayogi.gov.in/#/explore?searchQuery=Cybersecurity%20Fundamentals,SYNTHETIC_SAMPLE_FOR_DEMO
IGOT-0094,Data Privacy & Protection – Foundation Level,Digital Governance,Data Privacy & Protection,Foundation,12 hrs,"English, Hindi",Capacity Building Commission (CBC),Digital Governance; Data Privacy & Protection; Foundation,https://igotkarmayogi.gov.in/#/explore?searchQuery=Data%20Privacy%20%26%20Protection,SYNTHETIC_SAMPLE_FOR_DEMO
IGOT-0095,Data Privacy & Protection – Intermediate Level,Digital Governance,Data Privacy & Protection,Intermediate,20 hrs,"English, Hindi, Regional",iGOT Karmayogi Central Content Team,Digital Governance; Data Privacy & Protection; Intermediate,https://igotkarmayogi.gov.in/#/explore?searchQuery=Data%20Privacy%20%26%20Protection,SYNTHETIC_SAMPLE_FOR_DEMO
IGOT-0096,Data Privacy & Protection – Advanced Level,Digital Governance,Data Privacy & Protection,Advanced,2 hrs,English,National Statistical Systems Training Academy (NSSTA),Digital Governance; Data Privacy & Protection; Advanced,https://igotkarmayogi.gov.in/#/explore?searchQuery=Data%20Privacy%20%26%20Protection,SYNTHETIC_SAMPLE_FOR_DEMO
IGOT-0097,Digital Signature Certification – Foundation Level,Digital Governance,Digital Signature Certification,Foundation,4 hrs,"English, Hindi",Indian Institute of Public Administration (IIPA),Digital Governance; Digital Signature Certification; Foundation,https://igotkarmayogi.gov.in/#/explore?searchQuery=Digital%20Signature%20Certification,SYNTHETIC_SAMPLE_FOR_DEMO
IGOT-0098,Digital Signature Certification – Intermediate Level,Digital Governance,Digital Signature Certification,Intermediate,6 hrs,"English, Hindi, Regional",Ministry of Statistics and Programme Implementation (MoSPI),Digital Governance; Digital Signature Certification; Intermediate,https://igotkarmayogi.gov.in/#/explore?searchQuery=Digital%20Signature%20Certification,SYNTHETIC_SAMPLE_FOR_DEMO
IGOT-0099,Digital Signature Certification – Advanced Level,Digital Governance,Digital Signature Certification,Advanced,8 hrs,English,National Informatics Centre (NIC),Digital Governance; Digital Signature Certification; Advanced,https://igotkarmayogi.gov.in/#/explore?searchQuery=Digital%20Signature%20Certification,SYNTHETIC_SAMPLE_FOR_DEMO
IGOT-0100,Government Cloud (GI Cloud/Meghraj) – Foundation Level,Digital Governance,Government Cloud (GI Cloud/Meghraj),Foundation,12 hrs,"English, Hindi",Capacity Building Commission (CBC),Digital Governance; Government Cloud (GI Cloud/Meghraj); Foundation,https://igotkarmayogi.gov.in/#/explore?searchQuery=Government%20Cloud%20%28GI%20Cloud/Meghraj%29,SYNTHETIC_SAMPLE_FOR_DEMO
IGOT-0101,Government Cloud (GI Cloud/Meghraj) – Intermediate Level,Digital Governance,Government Cloud (GI Cloud/Meghraj),Intermediate,20 hrs,"English, Hindi, Regional",iGOT Karmayogi Central Content Team,Digital Governance; Government Cloud (GI Cloud/Meghraj); Intermediate,https://igotkarmayogi.gov.in/#/explore?searchQuery=Government%20Cloud%20%28GI%20Cloud/Meghraj%29,SYNTHETIC_SAMPLE_FOR_DEMO
IGOT-0102,Government Cloud (GI Cloud/Meghraj) – Advanced Level,Digital Governance,Government Cloud (GI Cloud/Meghraj),Advanced,2 hrs,English,National Statistical Systems Training Academy (NSSTA),Digital Governance; Government Cloud (GI Cloud/Meghraj); Advanced,https://igotkarmayogi.gov.in/#/explore?searchQuery=Government%20Cloud%20%28GI%20Cloud/Meghraj%29,SYNTHETIC_SAMPLE_FOR_DEMO
IGOT-0103,Digital Public Infrastructure (DPI) – Foundation Level,Digital Governance,Digital Public Infrastructure (DPI),Foundation,4 hrs,"English, Hindi",Indian Institute of Public Administration (IIPA),Digital Governance; Digital Public Infrastructure (DPI); Foundation,https://igotkarmayogi.gov.in/#/explore?searchQuery=Digital%20Public%20Infrastructure%20%28DPI%29,SYNTHETIC_SAMPLE_FOR_DEMO
IGOT-0104,Digital Public Infrastructure (DPI) – Intermediate Level,Digital Governance,Digital Public Infrastructure (DPI),Intermediate,6 hrs,"English, Hindi, Regional",Ministry of Statistics and Programme Implementation (MoSPI),Digital Governance; Digital Public Infrastructure (DPI); Intermediate,https://igotkarmayogi.gov.in/#/explore?searchQuery=Digital%20Public%20Infrastructure%20%28DPI%29,SYNTHETIC_SAMPLE_FOR_DEMO
IGOT-0105,Digital Public Infrastructure (DPI) – Advanced Level,Digital Governance,Digital Public Infrastructure (DPI),Advanced,8 hrs,English,National Informatics Centre (NIC),Digital Governance; Digital Public Infrastructure (DPI); Advanced,https://igotkarmayogi.gov.in/#/explore?searchQuery=Digital%20Public%20Infrastructure%20%28DPI%29,SYNTHETIC_SAMPLE_FOR_DEMO
IGOT-0106,e-Governance Frameworks – Foundation Level,Digital Governance,e-Governance Frameworks,Foundation,12 hrs,"English, Hindi",Capacity Building Commission (CBC),Digital Governance; e-Governance Frameworks; Foundation,https://igotkarmayogi.gov.in/#/explore?searchQuery=e-Governance%20Frameworks,SYNTHETIC_SAMPLE_FOR_DEMO
IGOT-0107,e-Governance Frameworks – Intermediate Level,Digital Governance,e-Governance Frameworks,Intermediate,20 hrs,"English, Hindi, Regional",iGOT Karmayogi Central Content Team,Digital Governance; e-Governance Frameworks; Intermediate,https://igotkarmayogi.gov.in/#/explore?searchQuery=e-Governance%20Frameworks,SYNTHETIC_SAMPLE_FOR_DEMO
IGOT-0108,e-Governance Frameworks – Advanced Level,Digital Governance,e-Governance Frameworks,Advanced,2 hrs,English,National Statistical Systems Training Academy (NSSTA),Digital Governance; e-Governance Frameworks; Advanced,https://igotkarmayogi.gov.in/#/explore?searchQuery=e-Governance%20Frameworks,SYNTHETIC_SAMPLE_FOR_DEMO
IGOT-0109,IT Act & Compliance – Foundation Level,Digital Governance,IT Act & Compliance,Foundation,4 hrs,"English, Hindi",Indian Institute of Public Administration (IIPA),Digital Governance; IT Act & Compliance; Foundation,https://igotkarmayogi.gov.in/#/explore?searchQuery=IT%20Act%20%26%20Compliance,SYNTHETIC_SAMPLE_FOR_DEMO
IGOT-0110,IT Act & Compliance – Intermediate Level,Digital Governance,IT Act & Compliance,Intermediate,6 hrs,"English, Hindi, Regional",Ministry of Statistics and Programme Implementation (MoSPI),Digital Governance; IT Act & Compliance; Intermediate,https://igotkarmayogi.gov.in/#/explore?searchQuery=IT%20Act%20%26%20Compliance,SYNTHETIC_SAMPLE_FOR_DEMO
IGOT-0111,IT Act & Compliance – Advanced Level,Digital Governance,IT Act & Compliance,Advanced,8 hrs,English,National Informatics Centre (NIC),Digital Governance; IT Act & Compliance; Advanced,https://igotkarmayogi.gov.in/#/explore?searchQuery=IT%20Act%20%26%20Compliance,SYNTHETIC_SAMPLE_FOR_DEMO
IGOT-0112,Secure Data Exchange Protocols – Foundation Level,Digital Governance,Secure Data Exchange Protocols,Foundation,12 hrs,"English, Hindi",Capacity Building Commission (CBC),Digital Governance; Secure Data Exchange Protocols; Foundation,https://igotkarmayogi.gov.in/#/explore?searchQuery=Secure%20Data%20Exchange%20Protocols,SYNTHETIC_SAMPLE_FOR_DEMO
IGOT-0113,Secure Data Exchange Protocols – Intermediate Level,Digital Governance,Secure Data Exchange Protocols,Intermediate,20 hrs,"English, Hindi, Regional",iGOT Karmayogi Central Content Team,Digital Governance; Secure Data Exchange Protocols; Intermediate,https://igotkarmayogi.gov.in/#/explore?searchQuery=Secure%20Data%20Exchange%20Protocols,SYNTHETIC_SAMPLE_FOR_DEMO
IGOT-0114,Secure Data Exchange Protocols – Advanced Level,Digital Governance,Secure Data Exchange Protocols,Advanced,2 hrs,English,National Statistical Systems Training Academy (NSSTA),Digital Governance; Secure Data Exchange Protocols; Advanced,https://igotkarmayogi.gov.in/#/explore?searchQuery=Secure%20Data%20Exchange%20Protocols,SYNTHETIC_SAMPLE_FOR_DEMO
IGOT-0115,Aadhaar-enabled Service Delivery – Foundation Level,Digital Governance,Aadhaar-enabled Service Delivery,Foundation,4 hrs,"English, Hindi",Indian Institute of Public Administration (IIPA),Digital Governance; Aadhaar-enabled Service Delivery; Foundation,https://igotkarmayogi.gov.in/#/explore?searchQuery=Aadhaar-enabled%20Service%20Delivery,SYNTHETIC_SAMPLE_FOR_DEMO
IGOT-0116,Aadhaar-enabled Service Delivery – Intermediate Level,Digital Governance,Aadhaar-enabled Service Delivery,Intermediate,6 hrs,"English, Hindi, Regional",Ministry of Statistics and Programme Implementation (MoSPI),Digital Governance; Aadhaar-enabled Service Delivery; Intermediate,https://igotkarmayogi.gov.in/#/explore?searchQuery=Aadhaar-enabled%20Service%20Delivery,SYNTHETIC_SAMPLE_FOR_DEMO
IGOT-0117,Aadhaar-enabled Service Delivery – Advanced Level,Digital Governance,Aadhaar-enabled Service Delivery,Advanced,8 hrs,English,National Informatics Centre (NIC),Digital Governance; Aadhaar-enabled Service Delivery; Advanced,https://igotkarmayogi.gov.in/#/explore?searchQuery=Aadhaar-enabled%20Service%20Delivery,SYNTHETIC_SAMPLE_FOR_DEMO
IGOT-0118,Cyber Hygiene at Workplace – Foundation Level,Digital Governance,Cyber Hygiene at Workplace,Foundation,12 hrs,"English, Hindi",Capacity Building Commission (CBC),Digital Governance; Cyber Hygiene at Workplace; Foundation,https://igotkarmayogi.gov.in/#/explore?searchQuery=Cyber%20Hygiene%20at%20Workplace,SYNTHETIC_SAMPLE_FOR_DEMO
IGOT-0119,Cyber Hygiene at Workplace – Intermediate Level,Digital Governance,Cyber Hygiene at Workplace,Intermediate,20 hrs,"English, Hindi, Regional",iGOT Karmayogi Central Content Team,Digital Governance; Cyber Hygiene at Workplace; Intermediate,https://igotkarmayogi.gov.in/#/explore?searchQuery=Cyber%20Hygiene%20at%20Workplace,SYNTHETIC_SAMPLE_FOR_DEMO
IGOT-0120,Cyber Hygiene at Workplace – Advanced Level,Digital Governance,Cyber Hygiene at Workplace,Advanced,2 hrs,English,National Statistical Systems Training Academy (NSSTA),Digital Governance; Cyber Hygiene at Workplace; Advanced,https://igotkarmayogi.gov.in/#/explore?searchQuery=Cyber%20Hygiene%20at%20Workplace,SYNTHETIC_SAMPLE_FOR_DEMO
IGOT-0121,Leadership in Public Service – Foundation Level,Behavioural & Managerial Competencies,Leadership in Public Service,Foundation,4 hrs,"English, Hindi",Indian Institute of Public Administration (IIPA),Behavioural & Managerial Competencies; Leadership in Public Service; Foundation,https://igotkarmayogi.gov.in/#/explore?searchQuery=Leadership%20in%20Public%20Service,SYNTHETIC_SAMPLE_FOR_DEMO
IGOT-0122,Leadership in Public Service – Intermediate Level,Behavioural & Managerial Competencies,Leadership in Public Service,Intermediate,6 hrs,"English, Hindi, Regional",Ministry of Statistics and Programme Implementation (MoSPI),Behavioural & Managerial Competencies; Leadership in Public Service; Intermediate,https://igotkarmayogi.gov.in/#/explore?searchQuery=Leadership%20in%20Public%20Service,SYNTHETIC_SAMPLE_FOR_DEMO
IGOT-0123,Leadership in Public Service – Advanced Level,Behavioural & Managerial Competencies,Leadership in Public Service,Advanced,8 hrs,English,National Informatics Centre (NIC),Behavioural & Managerial Competencies; Leadership in Public Service; Advanced,https://igotkarmayogi.gov.in/#/explore?searchQuery=Leadership%20in%20Public%20Service,SYNTHETIC_SAMPLE_FOR_DEMO
IGOT-0124,Effective Communication – Foundation Level,Behavioural & Managerial Competencies,Effective Communication,Foundation,12 hrs,"English, Hindi",Capacity Building Commission (CBC),Behavioural & Managerial Competencies; Effective Communication; Foundation,https://igotkarmayogi.gov.in/#/explore?searchQuery=Effective%20Communication,SYNTHETIC_SAMPLE_FOR_DEMO
IGOT-0125,Effective Communication – Intermediate Level,Behavioural & Managerial Competencies,Effective Communication,Intermediate,20 hrs,"English, Hindi, Regional",iGOT Karmayogi Central Content Team,Behavioural & Managerial Competencies; Effective Communication; Intermediate,https://igotkarmayogi.gov.in/#/explore?searchQuery=Effective%20Communication,SYNTHETIC_SAMPLE_FOR_DEMO
IGOT-0126,Effective Communication – Advanced Level,Behavioural & Managerial Competencies,Effective Communication,Advanced,2 hrs,English,National Statistical Systems Training Academy (NSSTA),Behavioural & Managerial Competencies; Effective Communication; Advanced,https://igotkarmayogi.gov.in/#/explore?searchQuery=Effective%20Communication,SYNTHETIC_SAMPLE_FOR_DEMO
IGOT-0127,Project Management for Govt Officials – Foundation Level,Behavioural & Managerial Competencies,Project Management for Govt Officials,Foundation,4 hrs,"English, Hindi",Indian Institute of Public Administration (IIPA),Behavioural & Managerial Competencies; Project Management for Govt Officials; Foundation,https://igotkarmayogi.gov.in/#/explore?searchQuery=Project%20Management%20for%20Govt%20Officials,SYNTHETIC_SAMPLE_FOR_DEMO
IGOT-0128,Project Management for Govt Officials – Intermediate Level,Behavioural & Managerial Competencies,Project Management for Govt Officials,Intermediate,6 hrs,"English, Hindi, Regional",Ministry of Statistics and Programme Implementation (MoSPI),Behavioural & Managerial Competencies; Project Management for Govt Officials; Intermediate,https://igotkarmayogi.gov.in/#/explore?searchQuery=Project%20Management%20for%20Govt%20Officials,SYNTHETIC_SAMPLE_FOR_DEMO
IGOT-0129,Project Management for Govt Officials – Advanced Level,Behavioural & Managerial Competencies,Project Management for Govt Officials,Advanced,8 hrs,English,National Informatics Centre (NIC),Behavioural & Managerial Competencies; Project Management for Govt Officials; Advanced,https://igotkarmayogi.gov.in/#/explore?searchQuery=Project%20Management%20for%20Govt%20Officials,SYNTHETIC_SAMPLE_FOR_DEMO
IGOT-0130,Ethics in Public Administration – Foundation Level,Behavioural & Managerial Competencies,Ethics in Public Administration,Foundation,12 hrs,"English, Hindi",Capacity Building Commission (CBC),Behavioural & Managerial Competencies; Ethics in Public Administration; Foundation,https://igotkarmayogi.gov.in/#/explore?searchQuery=Ethics%20in%20Public%20Administration,SYNTHETIC_SAMPLE_FOR_DEMO
IGOT-0131,Ethics in Public Administration – Intermediate Level,Behavioural & Managerial Competencies,Ethics in Public Administration,Intermediate,20 hrs,"English, Hindi, Regional",iGOT Karmayogi Central Content Team,Behavioural & Managerial Competencies; Ethics in Public Administration; Intermediate,https://igotkarmayogi.gov.in/#/explore?searchQuery=Ethics%20in%20Public%20Administration,SYNTHETIC_SAMPLE_FOR_DEMO
IGOT-0132,Ethics in Public Administration – Advanced Level,Behavioural & Managerial Competencies,Ethics in Public Administration,Advanced,2 hrs,English,National Statistical Systems Training Academy (NSSTA),Behavioural & Managerial Competencies; Ethics in Public Administration; Advanced,https://igotkarmayogi.gov.in/#/explore?searchQuery=Ethics%20in%20Public%20Administration,SYNTHETIC_SAMPLE_FOR_DEMO
IGOT-0133,Decision Making under Uncertainty – Foundation Level,Behavioural & Managerial Competencies,Decision Making under Uncertainty,Foundation,4 hrs,"English, Hindi",Indian Institute of Public Administration (IIPA),Behavioural & Managerial Competencies; Decision Making under Uncertainty; Foundation,https://igotkarmayogi.gov.in/#/explore?searchQuery=Decision%20Making%20under%20Uncertainty,SYNTHETIC_SAMPLE_FOR_DEMO
IGOT-0134,Decision Making under Uncertainty – Intermediate Level,Behavioural & Managerial Competencies,Decision Making under Uncertainty,Intermediate,6 hrs,"English, Hindi, Regional",Ministry of Statistics and Programme Implementation (MoSPI),Behavioural & Managerial Competencies; Decision Making under Uncertainty; Intermediate,https://igotkarmayogi.gov.in/#/explore?searchQuery=Decision%20Making%20under%20Uncertainty,SYNTHETIC_SAMPLE_FOR_DEMO
IGOT-0135,Decision Making under Uncertainty – Advanced Level,Behavioural & Managerial Competencies,Decision Making under Uncertainty,Advanced,8 hrs,English,National Informatics Centre (NIC),Behavioural & Managerial Competencies; Decision Making under Uncertainty; Advanced,https://igotkarmayogi.gov.in/#/explore?searchQuery=Decision%20Making%20under%20Uncertainty,SYNTHETIC_SAMPLE_FOR_DEMO
IGOT-0136,Change Management – Foundation Level,Behavioural & Managerial Competencies,Change Management,Foundation,12 hrs,"English, Hindi",Capacity Building Commission (CBC),Behavioural & Managerial Competencies; Change Management; Foundation,https://igotkarmayogi.gov.in/#/explore?searchQuery=Change%20Management,SYNTHETIC_SAMPLE_FOR_DEMO
IGOT-0137,Change Management – Intermediate Level,Behavioural & Managerial Competencies,Change Management,Intermediate,20 hrs,"English, Hindi, Regional",iGOT Karmayogi Central Content Team,Behavioural & Managerial Competencies; Change Management; Intermediate,https://igotkarmayogi.gov.in/#/explore?searchQuery=Change%20Management,SYNTHETIC_SAMPLE_FOR_DEMO
IGOT-0138,Change Management – Advanced Level,Behavioural & Managerial Competencies,Change Management,Advanced,2 hrs,English,National Statistical Systems Training Academy (NSSTA),Behavioural & Managerial Competencies; Change Management; Advanced,https://igotkarmayogi.gov.in/#/explore?searchQuery=Change%20Management,SYNTHETIC_SAMPLE_FOR_DEMO
IGOT-0139,Team Building & Collaboration – Foundation Level,Behavioural & Managerial Competencies,Team Building & Collaboration,Foundation,4 hrs,"English, Hindi",Indian Institute of Public Administration (IIPA),Behavioural & Managerial Competencies; Team Building & Collaboration; Foundation,https://igotkarmayogi.gov.in/#/explore?searchQuery=Team%20Building%20%26%20Collaboration,SYNTHETIC_SAMPLE_FOR_DEMO
IGOT-0140,Team Building & Collaboration – Intermediate Level,Behavioural & Managerial Competencies,Team Building & Collaboration,Intermediate,6 hrs,"English, Hindi, Regional",Ministry of Statistics and Programme Implementation (MoSPI),Behavioural & Managerial Competencies; Team Building & Collaboration; Intermediate,https://igotkarmayogi.gov.in/#/explore?searchQuery=Team%20Building%20%26%20Collaboration,SYNTHETIC_SAMPLE_FOR_DEMO
IGOT-0141,Team Building & Collaboration – Advanced Level,Behavioural & Managerial Competencies,Team Building & Collaboration,Advanced,8 hrs,English,National Informatics Centre (NIC),Behavioural & Managerial Competencies; Team Building & Collaboration; Advanced,https://igotkarmayogi.gov.in/#/explore?searchQuery=Team%20Building%20%26%20Collaboration,SYNTHETIC_SAMPLE_FOR_DEMO
IGOT-0142,Time Management – Foundation Level,Behavioural & Managerial Competencies,Time Management,Foundation,12 hrs,"English, Hindi",Capacity Building Commission (CBC),Behavioural & Managerial Competencies; Time Management; Foundation,https://igotkarmayogi.gov.in/#/explore?searchQuery=Time%20Management,SYNTHETIC_SAMPLE_FOR_DEMO
IGOT-0143,Time Management – Intermediate Level,Behavioural & Managerial Competencies,Time Management,Intermediate,20 hrs,"English, Hindi, Regional",iGOT Karmayogi Central Content Team,Behavioural & Managerial Competencies; Time Management; Intermediate,https://igotkarmayogi.gov.in/#/explore?searchQuery=Time%20Management,SYNTHETIC_SAMPLE_FOR_DEMO
IGOT-0144,Time Management – Advanced Level,Behavioural & Managerial Competencies,Time Management,Advanced,2 hrs,English,National Statistical Systems Training Academy (NSSTA),Behavioural & Managerial Competencies; Time Management; Advanced,https://igotkarmayogi.gov.in/#/explore?searchQuery=Time%20Management,SYNTHETIC_SAMPLE_FOR_DEMO
IGOT-0145,Conflict Resolution – Foundation Level,Behavioural & Managerial Competencies,Conflict Resolution,Foundation,4 hrs,"English, Hindi",Indian Institute of Public Administration (IIPA),Behavioural & Managerial Competencies; Conflict Resolution; Foundation,https://igotkarmayogi.gov.in/#/explore?searchQuery=Conflict%20Resolution,SYNTHETIC_SAMPLE_FOR_DEMO
IGOT-0146,Conflict Resolution – Intermediate Level,Behavioural & Managerial Competencies,Conflict Resolution,Intermediate,6 hrs,"English, Hindi, Regional",Ministry of Statistics and Programme Implementation (MoSPI),Behavioural & Managerial Competencies; Conflict Resolution; Intermediate,https://igotkarmayogi.gov.in/#/explore?searchQuery=Conflict%20Resolution,SYNTHETIC_SAMPLE_FOR_DEMO
IGOT-0147,Conflict Resolution – Advanced Level,Behavioural & Managerial Competencies,Conflict Resolution,Advanced,8 hrs,English,National Informatics Centre (NIC),Behavioural & Managerial Competencies; Conflict Resolution; Advanced,https://igotkarmayogi.gov.in/#/explore?searchQuery=Conflict%20Resolution,SYNTHETIC_SAMPLE_FOR_DEMO
IGOT-0148,Stress Management at Workplace – Foundation Level,Behavioural & Managerial Competencies,Stress Management at Workplace,Foundation,12 hrs,"English, Hindi",Capacity Building Commission (CBC),Behavioural & Managerial Competencies; Stress Management at Workplace; Foundation,https://igotkarmayogi.gov.in/#/explore?searchQuery=Stress%20Management%20at%20Workplace,SYNTHETIC_SAMPLE_FOR_DEMO
IGOT-0149,Stress Management at Workplace – Intermediate Level,Behavioural & Managerial Competencies,Stress Management at Workplace,Intermediate,20 hrs,"English, Hindi, Regional",iGOT Karmayogi Central Content Team,Behavioural & Managerial Competencies; Stress Management at Workplace; Intermediate,https://igotkarmayogi.gov.in/#/explore?searchQuery=Stress%20Management%20at%20Workplace,SYNTHETIC_SAMPLE_FOR_DEMO
IGOT-0150,Stress Management at Workplace – Advanced Level,Behavioural & Managerial Competencies,Stress Management at Workplace,Advanced,2 hrs,English,National Statistical Systems Training Academy (NSSTA),Behavioural & Managerial Competencies; Stress Management at Workplace; Advanced,https://igotkarmayogi.gov.in/#/explore?searchQuery=Stress%20Management%20at%20Workplace,SYNTHETIC_SAMPLE_FOR_DEMO
IGOT-0151,RTI & Public Accountability – Foundation Level,Behavioural & Managerial Competencies,RTI & Public Accountability,Foundation,4 hrs,"English, Hindi",Indian Institute of Public Administration (IIPA),Behavioural & Managerial Competencies; RTI & Public Accountability; Foundation,https://igotkarmayogi.gov.in/#/explore?searchQuery=RTI%20%26%20Public%20Accountability,SYNTHETIC_SAMPLE_FOR_DEMO
IGOT-0152,RTI & Public Accountability – Intermediate Level,Behavioural & Managerial Competencies,RTI & Public Accountability,Intermediate,6 hrs,"English, Hindi, Regional",Ministry of Statistics and Programme Implementation (MoSPI),Behavioural & Managerial Competencies; RTI & Public Accountability; Intermediate,https://igotkarmayogi.gov.in/#/explore?searchQuery=RTI%20%26%20Public%20Accountability,SYNTHETIC_SAMPLE_FOR_DEMO
IGOT-0153,RTI & Public Accountability – Advanced Level,Behavioural & Managerial Competencies,RTI & Public Accountability,Advanced,8 hrs,English,National Informatics Centre (NIC),Behavioural & Managerial Competencies; RTI & Public Accountability; Advanced,https://igotkarmayogi.gov.in/#/explore?searchQuery=RTI%20%26%20Public%20Accountability,SYNTHETIC_SAMPLE_FOR_DEMO
IGOT-0154,Office Procedure & File Management – Foundation Level,Behavioural & Managerial Competencies,Office Procedure & File Management,Foundation,12 hrs,"English, Hindi",Capacity Building Commission (CBC),Behavioural & Managerial Competencies; Office Procedure & File Management; Foundation,https://igotkarmayogi.gov.in/#/explore?searchQuery=Office%20Procedure%20%26%20File%20Management,SYNTHETIC_SAMPLE_FOR_DEMO
IGOT-0155,Office Procedure & File Management – Intermediate Level,Behavioural & Managerial Competencies,Office Procedure & File Management,Intermediate,20 hrs,"English, Hindi, Regional",iGOT Karmayogi Central Content Team,Behavioural & Managerial Competencies; Office Procedure & File Management; Intermediate,https://igotkarmayogi.gov.in/#/explore?searchQuery=Office%20Procedure%20%26%20File%20Management,SYNTHETIC_SAMPLE_FOR_DEMO
IGOT-0156,Office Procedure & File Management – Advanced Level,Behavioural & Managerial Competencies,Office Procedure & File Management,Advanced,2 hrs,English,National Statistical Systems Training Academy (NSSTA),Behavioural & Managerial Competencies; Office Procedure & File Management; Advanced,https://igotkarmayogi.gov.in/#/explore?searchQuery=Office%20Procedure%20%26%20File%20Management,SYNTHETIC_SAMPLE_FOR_DEMO
IGOT-0157,Survey Design – Foundation (Module 1),Statistical Competencies,Survey Design,Foundation,4 hrs,"English, Hindi",Indian Institute of Public Administration (IIPA),Statistical Competencies; Survey Design; Foundation; Module 1,https://igotkarmayogi.gov.in/#/explore?searchQuery=Survey%20Design,SYNTHETIC_SAMPLE_FOR_DEMO
IGOT-0158,Survey Design – Foundation (Module 2),Statistical Competencies,Survey Design,Foundation,6 hrs,"English, Hindi, Regional",Ministry of Statistics and Programme Implementation (MoSPI),Statistical Competencies; Survey Design; Foundation; Module 2,https://igotkarmayogi.gov.in/#/explore?searchQuery=Survey%20Design,SYNTHETIC_SAMPLE_FOR_DEMO
IGOT-0159,Survey Design – Intermediate (Module 1),Statistical Competencies,Survey Design,Intermediate,8 hrs,English,National Informatics Centre (NIC),Statistical Competencies; Survey Design; Intermediate; Module 1,https://igotkarmayogi.gov.in/#/explore?searchQuery=Survey%20Design,SYNTHETIC_SAMPLE_FOR_DEMO
IGOT-0160,Survey Design – Intermediate (Module 2),Statistical Competencies,Survey Design,Intermediate,12 hrs,"English, Hindi",Capacity Building Commission (CBC),Statistical Competencies; Survey Design; Intermediate; Module 2,https://igotkarmayogi.gov.in/#/explore?searchQuery=Survey%20Design,SYNTHETIC_SAMPLE_FOR_DEMO
IGOT-0161,Survey Design – Advanced (Module 1),Statistical Competencies,Survey Design,Advanced,20 hrs,"English, Hindi, Regional",iGOT Karmayogi Central Content Team,Statistical Competencies; Survey Design; Advanced; Module 1,https://igotkarmayogi.gov.in/#/explore?searchQuery=Survey%20Design,SYNTHETIC_SAMPLE_FOR_DEMO
IGOT-0162,Survey Design – Advanced (Module 2),Statistical Competencies,Survey Design,Advanced,2 hrs,English,National Statistical Systems Training Academy (NSSTA),Statistical Competencies; Survey Design; Advanced; Module 2,https://igotkarmayogi.gov.in/#/explore?searchQuery=Survey%20Design,SYNTHETIC_SAMPLE_FOR_DEMO
IGOT-0163,Sampling Techniques – Foundation (Module 1),Statistical Competencies,Sampling Techniques,Foundation,4 hrs,"English, Hindi",Indian Institute of Public Administration (IIPA),Statistical Competencies; Sampling Techniques; Foundation; Module 1,https://igotkarmayogi.gov.in/#/explore?searchQuery=Sampling%20Techniques,SYNTHETIC_SAMPLE_FOR_DEMO
IGOT-0164,Sampling Techniques – Foundation (Module 2),Statistical Competencies,Sampling Techniques,Foundation,6 hrs,"English, Hindi, Regional",Ministry of Statistics and Programme Implementation (MoSPI),Statistical Competencies; Sampling Techniques; Foundation; Module 2,https://igotkarmayogi.gov.in/#/explore?searchQuery=Sampling%20Techniques,SYNTHETIC_SAMPLE_FOR_DEMO
IGOT-0165,Sampling Techniques – Intermediate (Module 1),Statistical Competencies,Sampling Techniques,Intermediate,8 hrs,English,National Informatics Centre (NIC),Statistical Competencies; Sampling Techniques; Intermediate; Module 1,https://igotkarmayogi.gov.in/#/explore?searchQuery=Sampling%20Techniques,SYNTHETIC_SAMPLE_FOR_DEMO
IGOT-0166,Sampling Techniques – Intermediate (Module 2),Statistical Competencies,Sampling Techniques,Intermediate,12 hrs,"English, Hindi",Capacity Building Commission (CBC),Statistical Competencies; Sampling Techniques; Intermediate; Module 2,https://igotkarmayogi.gov.in/#/explore?searchQuery=Sampling%20Techniques,SYNTHETIC_SAMPLE_FOR_DEMO
IGOT-0167,Sampling Techniques – Advanced (Module 1),Statistical Competencies,Sampling Techniques,Advanced,20 hrs,"English, Hindi, Regional",iGOT Karmayogi Central Content Team,Statistical Competencies; Sampling Techniques; Advanced; Module 1,https://igotkarmayogi.gov.in/#/explore?searchQuery=Sampling%20Techniques,SYNTHETIC_SAMPLE_FOR_DEMO
IGOT-0168,Sampling Techniques – Advanced (Module 2),Statistical Competencies,Sampling Techniques,Advanced,2 hrs,English,National Statistical Systems Training Academy (NSSTA),Statistical Competencies; Sampling Techniques; Advanced; Module 2,https://igotkarmayogi.gov.in/#/explore?searchQuery=Sampling%20Techniques,SYNTHETIC_SAMPLE_FOR_DEMO
IGOT-0169,National Accounts Statistics – Foundation (Module 1),Statistical Competencies,National Accounts Statistics,Foundation,4 hrs,"English, Hindi",Indian Institute of Public Administration (IIPA),Statistical Competencies; National Accounts Statistics; Foundation; Module 1,https://igotkarmayogi.gov.in/#/explore?searchQuery=National%20Accounts%20Statistics,SYNTHETIC_SAMPLE_FOR_DEMO
IGOT-0170,National Accounts Statistics – Foundation (Module 2),Statistical Competencies,National Accounts Statistics,Foundation,6 hrs,"English, Hindi, Regional",Ministry of Statistics and Programme Implementation (MoSPI),Statistical Competencies; National Accounts Statistics; Foundation; Module 2,https://igotkarmayogi.gov.in/#/explore?searchQuery=National%20Accounts%20Statistics,SYNTHETIC_SAMPLE_FOR_DEMO
IGOT-0171,National Accounts Statistics – Intermediate (Module 1),Statistical Competencies,National Accounts Statistics,Intermediate,8 hrs,English,National Informatics Centre (NIC),Statistical Competencies; National Accounts Statistics; Intermediate; Module 1,https://igotkarmayogi.gov.in/#/explore?searchQuery=National%20Accounts%20Statistics,SYNTHETIC_SAMPLE_FOR_DEMO
IGOT-0172,National Accounts Statistics – Intermediate (Module 2),Statistical Competencies,National Accounts Statistics,Intermediate,12 hrs,"English, Hindi",Capacity Building Commission (CBC),Statistical Competencies; National Accounts Statistics; Intermediate; Module 2,https://igotkarmayogi.gov.in/#/explore?searchQuery=National%20Accounts%20Statistics,SYNTHETIC_SAMPLE_FOR_DEMO
IGOT-0173,National Accounts Statistics – Advanced (Module 1),Statistical Competencies,National Accounts Statistics,Advanced,20 hrs,"English, Hindi, Regional",iGOT Karmayogi Central Content Team,Statistical Competencies; National Accounts Statistics; Advanced; Module 1,https://igotkarmayogi.gov.in/#/explore?searchQuery=National%20Accounts%20Statistics,SYNTHETIC_SAMPLE_FOR_DEMO
IGOT-0174,National Accounts Statistics – Advanced (Module 2),Statistical Competencies,National Accounts Statistics,Advanced,2 hrs,English,National Statistical Systems Training Academy (NSSTA),Statistical Competencies; National Accounts Statistics; Advanced; Module 2,https://igotkarmayogi.gov.in/#/explore?searchQuery=National%20Accounts%20Statistics,SYNTHETIC_SAMPLE_FOR_DEMO
IGOT-0175,Price Statistics & Index Numbers – Foundation (Module 1),Statistical Competencies,Price Statistics & Index Numbers,Foundation,4 hrs,"English, Hindi",Indian Institute of Public Administration (IIPA),Statistical Competencies; Price Statistics & Index Numbers; Foundation; Module 1,https://igotkarmayogi.gov.in/#/explore?searchQuery=Price%20Statistics%20%26%20Index%20Numbers,SYNTHETIC_SAMPLE_FOR_DEMO
IGOT-0176,Price Statistics & Index Numbers – Foundation (Module 2),Statistical Competencies,Price Statistics & Index Numbers,Foundation,6 hrs,"English, Hindi, Regional",Ministry of Statistics and Programme Implementation (MoSPI),Statistical Competencies; Price Statistics & Index Numbers; Foundation; Module 2,https://igotkarmayogi.gov.in/#/explore?searchQuery=Price%20Statistics%20%26%20Index%20Numbers,SYNTHETIC_SAMPLE_FOR_DEMO
IGOT-0177,Price Statistics & Index Numbers – Intermediate (Module 1),Statistical Competencies,Price Statistics & Index Numbers,Intermediate,8 hrs,English,National Informatics Centre (NIC),Statistical Competencies; Price Statistics & Index Numbers; Intermediate; Module 1,https://igotkarmayogi.gov.in/#/explore?searchQuery=Price%20Statistics%20%26%20Index%20Numbers,SYNTHETIC_SAMPLE_FOR_DEMO
IGOT-0178,Price Statistics & Index Numbers – Intermediate (Module 2),Statistical Competencies,Price Statistics & Index Numbers,Intermediate,12 hrs,"English, Hindi",Capacity Building Commission (CBC),Statistical Competencies; Price Statistics & Index Numbers; Intermediate; Module 2,https://igotkarmayogi.gov.in/#/explore?searchQuery=Price%20Statistics%20%26%20Index%20Numbers,SYNTHETIC_SAMPLE_FOR_DEMO
IGOT-0179,Price Statistics & Index Numbers – Advanced (Module 1),Statistical Competencies,Price Statistics & Index Numbers,Advanced,20 hrs,"English, Hindi, Regional",iGOT Karmayogi Central Content Team,Statistical Competencies; Price Statistics & Index Numbers; Advanced; Module 1,https://igotkarmayogi.gov.in/#/explore?searchQuery=Price%20Statistics%20%26%20Index%20Numbers,SYNTHETIC_SAMPLE_FOR_DEMO
IGOT-0180,Price Statistics & Index Numbers – Advanced (Module 2),Statistical Competencies,Price Statistics & Index Numbers,Advanced,2 hrs,English,National Statistical Systems Training Academy (NSSTA),Statistical Competencies; Price Statistics & Index Numbers; Advanced; Module 2,https://igotkarmayogi.gov.in/#/explore?searchQuery=Price%20Statistics%20%26%20Index%20Numbers,SYNTHETIC_SAMPLE_FOR_DEMO
IGOT-0181,Labour Statistics – Foundation (Module 1),Statistical Competencies,Labour Statistics,Foundation,4 hrs,"English, Hindi",Indian Institute of Public Administration (IIPA),Statistical Competencies; Labour Statistics; Foundation; Module 1,https://igotkarmayogi.gov.in/#/explore?searchQuery=Labour%20Statistics,SYNTHETIC_SAMPLE_FOR_DEMO
IGOT-0182,Labour Statistics – Foundation (Module 2),Statistical Competencies,Labour Statistics,Foundation,6 hrs,"English, Hindi, Regional",Ministry of Statistics and Programme Implementation (MoSPI),Statistical Competencies; Labour Statistics; Foundation; Module 2,https://igotkarmayogi.gov.in/#/explore?searchQuery=Labour%20Statistics,SYNTHETIC_SAMPLE_FOR_DEMO
IGOT-0183,Labour Statistics – Intermediate (Module 1),Statistical Competencies,Labour Statistics,Intermediate,8 hrs,English,National Informatics Centre (NIC),Statistical Competencies; Labour Statistics; Intermediate; Module 1,https://igotkarmayogi.gov.in/#/explore?searchQuery=Labour%20Statistics,SYNTHETIC_SAMPLE_FOR_DEMO
IGOT-0184,Labour Statistics – Intermediate (Module 2),Statistical Competencies,Labour Statistics,Intermediate,12 hrs,"English, Hindi",Capacity Building Commission (CBC),Statistical Competencies; Labour Statistics; Intermediate; Module 2,https://igotkarmayogi.gov.in/#/explore?searchQuery=Labour%20Statistics,SYNTHETIC_SAMPLE_FOR_DEMO
IGOT-0185,Labour Statistics – Advanced (Module 1),Statistical Competencies,Labour Statistics,Advanced,20 hrs,"English, Hindi, Regional",iGOT Karmayogi Central Content Team,Statistical Competencies; Labour Statistics; Advanced; Module 1,https://igotkarmayogi.gov.in/#/explore?searchQuery=Labour%20Statistics,SYNTHETIC_SAMPLE_FOR_DEMO
IGOT-0186,Labour Statistics – Advanced (Module 2),Statistical Competencies,Labour Statistics,Advanced,2 hrs,English,National Statistical Systems Training Academy (NSSTA),Statistical Competencies; Labour Statistics; Advanced; Module 2,https://igotkarmayogi.gov.in/#/explore?searchQuery=Labour%20Statistics,SYNTHETIC_SAMPLE_FOR_DEMO
IGOT-0187,Agricultural Statistics – Foundation (Module 1),Statistical Competencies,Agricultural Statistics,Foundation,4 hrs,"English, Hindi",Indian Institute of Public Administration (IIPA),Statistical Competencies; Agricultural Statistics; Foundation; Module 1,https://igotkarmayogi.gov.in/#/explore?searchQuery=Agricultural%20Statistics,SYNTHETIC_SAMPLE_FOR_DEMO
IGOT-0188,Agricultural Statistics – Foundation (Module 2),Statistical Competencies,Agricultural Statistics,Foundation,6 hrs,"English, Hindi, Regional",Ministry of Statistics and Programme Implementation (MoSPI),Statistical Competencies; Agricultural Statistics; Foundation; Module 2,https://igotkarmayogi.gov.in/#/explore?searchQuery=Agricultural%20Statistics,SYNTHETIC_SAMPLE_FOR_DEMO
IGOT-0189,Agricultural Statistics – Intermediate (Module 1),Statistical Competencies,Agricultural Statistics,Intermediate,8 hrs,English,National Informatics Centre (NIC),Statistical Competencies; Agricultural Statistics; Intermediate; Module 1,https://igotkarmayogi.gov.in/#/explore?searchQuery=Agricultural%20Statistics,SYNTHETIC_SAMPLE_FOR_DEMO
IGOT-0190,Agricultural Statistics – Intermediate (Module 2),Statistical Competencies,Agricultural Statistics,Intermediate,12 hrs,"English, Hindi",Capacity Building Commission (CBC),Statistical Competencies; Agricultural Statistics; Intermediate; Module 2,https://igotkarmayogi.gov.in/#/explore?searchQuery=Agricultural%20Statistics,SYNTHETIC_SAMPLE_FOR_DEMO
IGOT-0191,Agricultural Statistics – Advanced (Module 1),Statistical Competencies,Agricultural Statistics,Advanced,20 hrs,"English, Hindi, Regional",iGOT Karmayogi Central Content Team,Statistical Competencies; Agricultural Statistics; Advanced; Module 1,https://igotkarmayogi.gov.in/#/explore?searchQuery=Agricultural%20Statistics,SYNTHETIC_SAMPLE_FOR_DEMO
IGOT-0192,Agricultural Statistics – Advanced (Module 2),Statistical Competencies,Agricultural Statistics,Advanced,2 hrs,English,National Statistical Systems Training Academy (NSSTA),Statistical Competencies; Agricultural Statistics; Advanced; Module 2,https://igotkarmayogi.gov.in/#/explore?searchQuery=Agricultural%20Statistics,SYNTHETIC_SAMPLE_FOR_DEMO
IGOT-0193,Industrial Statistics – Foundation (Module 1),Statistical Competencies,Industrial Statistics,Foundation,4 hrs,"English, Hindi",Indian Institute of Public Administration (IIPA),Statistical Competencies; Industrial Statistics; Foundation; Module 1,https://igotkarmayogi.gov.in/#/explore?searchQuery=Industrial%20Statistics,SYNTHETIC_SAMPLE_FOR_DEMO
IGOT-0194,Industrial Statistics – Foundation (Module 2),Statistical Competencies,Industrial Statistics,Foundation,6 hrs,"English, Hindi, Regional",Ministry of Statistics and Programme Implementation (MoSPI),Statistical Competencies; Industrial Statistics; Foundation; Module 2,https://igotkarmayogi.gov.in/#/explore?searchQuery=Industrial%20Statistics,SYNTHETIC_SAMPLE_FOR_DEMO
IGOT-0195,Industrial Statistics – Intermediate (Module 1),Statistical Competencies,Industrial Statistics,Intermediate,8 hrs,English,National Informatics Centre (NIC),Statistical Competencies; Industrial Statistics; Intermediate; Module 1,https://igotkarmayogi.gov.in/#/explore?searchQuery=Industrial%20Statistics,SYNTHETIC_SAMPLE_FOR_DEMO
IGOT-0196,Industrial Statistics – Intermediate (Module 2),Statistical Competencies,Industrial Statistics,Intermediate,12 hrs,"English, Hindi",Capacity Building Commission (CBC),Statistical Competencies; Industrial Statistics; Intermediate; Module 2,https://igotkarmayogi.gov.in/#/explore?searchQuery=Industrial%20Statistics,SYNTHETIC_SAMPLE_FOR_DEMO
IGOT-0197,Industrial Statistics – Advanced (Module 1),Statistical Competencies,Industrial Statistics,Advanced,20 hrs,"English, Hindi, Regional",iGOT Karmayogi Central Content Team,Statistical Competencies; Industrial Statistics; Advanced; Module 1,https://igotkarmayogi.gov.in/#/explore?searchQuery=Industrial%20Statistics,SYNTHETIC_SAMPLE_FOR_DEMO
IGOT-0198,Industrial Statistics – Advanced (Module 2),Statistical Competencies,Industrial Statistics,Advanced,2 hrs,English,National Statistical Systems Training Academy (NSSTA),Statistical Competencies; Industrial Statistics; Advanced; Module 2,https://igotkarmayogi.gov.in/#/explore?searchQuery=Industrial%20Statistics,SYNTHETIC_SAMPLE_FOR_DEMO
IGOT-0199,SDG Indicators Framework – Foundation (Module 1),Statistical Competencies,SDG Indicators Framework,Foundation,4 hrs,"English, Hindi",Indian Institute of Public Administration (IIPA),Statistical Competencies; SDG Indicators Framework; Foundation; Module 1,https://igotkarmayogi.gov.in/#/explore?searchQuery=SDG%20Indicators%20Framework,SYNTHETIC_SAMPLE_FOR_DEMO
IGOT-0200,SDG Indicators Framework – Foundation (Module 2),Statistical Competencies,SDG Indicators Framework,Foundation,6 hrs,"English, Hindi, Regional",Ministry of Statistics and Programme Implementation (MoSPI),Statistical Competencies; SDG Indicators Framework; Foundation; Module 2,https://igotkarmayogi.gov.in/#/explore?searchQuery=SDG%20Indicators%20Framework,SYNTHETIC_SAMPLE_FOR_DEMO
IGOT-0201,SDG Indicators Framework – Intermediate (Module 1),Statistical Competencies,SDG Indicators Framework,Intermediate,8 hrs,English,National Informatics Centre (NIC),Statistical Competencies; SDG Indicators Framework; Intermediate; Module 1,https://igotkarmayogi.gov.in/#/explore?searchQuery=SDG%20Indicators%20Framework,SYNTHETIC_SAMPLE_FOR_DEMO
IGOT-0202,SDG Indicators Framework – Intermediate (Module 2),Statistical Competencies,SDG Indicators Framework,Intermediate,12 hrs,"English, Hindi",Capacity Building Commission (CBC),Statistical Competencies; SDG Indicators Framework; Intermediate; Module 2,https://igotkarmayogi.gov.in/#/explore?searchQuery=SDG%20Indicators%20Framework,SYNTHETIC_SAMPLE_FOR_DEMO
IGOT-0203,SDG Indicators Framework – Advanced (Module 1),Statistical Competencies,SDG Indicators Framework,Advanced,20 hrs,"English, Hindi, Regional",iGOT Karmayogi Central Content Team,Statistical Competencies; SDG Indicators Framework; Advanced; Module 1,https://igotkarmayogi.gov.in/#/explore?searchQuery=SDG%20Indicators%20Framework,SYNTHETIC_SAMPLE_FOR_DEMO
IGOT-0204,SDG Indicators Framework – Advanced (Module 2),Statistical Competencies,SDG Indicators Framework,Advanced,2 hrs,English,National Statistical Systems Training Academy (NSSTA),Statistical Competencies; SDG Indicators Framework; Advanced; Module 2,https://igotkarmayogi.gov.in/#/explore?searchQuery=SDG%20Indicators%20Framework,SYNTHETIC_SAMPLE_FOR_DEMO
IGOT-0205,Metadata Standards (SDMX) – Foundation (Module 1),Statistical Competencies,Metadata Standards (SDMX),Foundation,4 hrs,"English, Hindi",Indian Institute of Public Administration (IIPA),Statistical Competencies; Metadata Standards (SDMX); Foundation; Module 1,https://igotkarmayogi.gov.in/#/explore?searchQuery=Metadata%20Standards%20%28SDMX%29,SYNTHETIC_SAMPLE_FOR_DEMO
IGOT-0206,Metadata Standards (SDMX) – Foundation (Module 2),Statistical Competencies,Metadata Standards (SDMX),Foundation,6 hrs,"English, Hindi, Regional",Ministry of Statistics and Programme Implementation (MoSPI),Statistical Competencies; Metadata Standards (SDMX); Foundation; Module 2,https://igotkarmayogi.gov.in/#/explore?searchQuery=Metadata%20Standards%20%28SDMX%29,SYNTHETIC_SAMPLE_FOR_DEMO
IGOT-0207,Metadata Standards (SDMX) – Intermediate (Module 1),Statistical Competencies,Metadata Standards (SDMX),Intermediate,8 hrs,English,National Informatics Centre (NIC),Statistical Competencies; Metadata Standards (SDMX); Intermediate; Module 1,https://igotkarmayogi.gov.in/#/explore?searchQuery=Metadata%20Standards%20%28SDMX%29,SYNTHETIC_SAMPLE_FOR_DEMO
IGOT-0208,Metadata Standards (SDMX) – Intermediate (Module 2),Statistical Competencies,Metadata Standards (SDMX),Intermediate,12 hrs,"English, Hindi",Capacity Building Commission (CBC),Statistical Competencies; Metadata Standards (SDMX); Intermediate; Module 2,https://igotkarmayogi.gov.in/#/explore?searchQuery=Metadata%20Standards%20%28SDMX%29,SYNTHETIC_SAMPLE_FOR_DEMO
IGOT-0209,Metadata Standards (SDMX) – Advanced (Module 1),Statistical Competencies,Metadata Standards (SDMX),Advanced,20 hrs,"English, Hindi, Regional",iGOT Karmayogi Central Content Team,Statistical Competencies; Metadata Standards (SDMX); Advanced; Module 1,https://igotkarmayogi.gov.in/#/explore?searchQuery=Metadata%20Standards%20%28SDMX%29,SYNTHETIC_SAMPLE_FOR_DEMO
IGOT-0210,Metadata Standards (SDMX) – Advanced (Module 2),Statistical Competencies,Metadata Standards (SDMX),Advanced,2 hrs,English,National Statistical Systems Training Academy (NSSTA),Statistical Competencies; Metadata Standards (SDMX); Advanced; Module 2,https://igotkarmayogi.gov.in/#/explore?searchQuery=Metadata%20Standards%20%28SDMX%29,SYNTHETIC_SAMPLE_FOR_DEMO
IGOT-0211,Data Quality Frameworks – Foundation (Module 1),Statistical Competencies,Data Quality Frameworks,Foundation,4 hrs,"English, Hindi",Indian Institute of Public Administration (IIPA),Statistical Competencies; Data Quality Frameworks; Foundation; Module 1,https://igotkarmayogi.gov.in/#/explore?searchQuery=Data%20Quality%20Frameworks,SYNTHETIC_SAMPLE_FOR_DEMO
IGOT-0212,Data Quality Frameworks – Foundation (Module 2),Statistical Competencies,Data Quality Frameworks,Foundation,6 hrs,"English, Hindi, Regional",Ministry of Statistics and Programme Implementation (MoSPI),Statistical Competencies; Data Quality Frameworks; Foundation; Module 2,https://igotkarmayogi.gov.in/#/explore?searchQuery=Data%20Quality%20Frameworks,SYNTHETIC_SAMPLE_FOR_DEMO
IGOT-0213,Data Quality Frameworks – Intermediate (Module 1),Statistical Competencies,Data Quality Frameworks,Intermediate,8 hrs,English,National Informatics Centre (NIC),Statistical Competencies; Data Quality Frameworks; Intermediate; Module 1,https://igotkarmayogi.gov.in/#/explore?searchQuery=Data%20Quality%20Frameworks,SYNTHETIC_SAMPLE_FOR_DEMO
IGOT-0214,Data Quality Frameworks – Intermediate (Module 2),Statistical Competencies,Data Quality Frameworks,Intermediate,12 hrs,"English, Hindi",Capacity Building Commission (CBC),Statistical Competencies; Data Quality Frameworks; Intermediate; Module 2,https://igotkarmayogi.gov.in/#/explore?searchQuery=Data%20Quality%20Frameworks,SYNTHETIC_SAMPLE_FOR_DEMO
IGOT-0215,Data Quality Frameworks – Advanced (Module 1),Statistical Competencies,Data Quality Frameworks,Advanced,20 hrs,"English, Hindi, Regional",iGOT Karmayogi Central Content Team,Statistical Competencies; Data Quality Frameworks; Advanced; Module 1,https://igotkarmayogi.gov.in/#/explore?searchQuery=Data%20Quality%20Frameworks,SYNTHETIC_SAMPLE_FOR_DEMO
IGOT-0216,Data Quality Frameworks – Advanced (Module 2),Statistical Competencies,Data Quality Frameworks,Advanced,2 hrs,English,National Statistical Systems Training Academy (NSSTA),Statistical Competencies; Data Quality Frameworks; Advanced; Module 2,https://igotkarmayogi.gov.in/#/explore?searchQuery=Data%20Quality%20Frameworks,SYNTHETIC_SAMPLE_FOR_DEMO
IGOT-0217,Census Methodology – Foundation (Module 1),Statistical Competencies,Census Methodology,Foundation,4 hrs,"English, Hindi",Indian Institute of Public Administration (IIPA),Statistical Competencies; Census Methodology; Foundation; Module 1,https://igotkarmayogi.gov.in/#/explore?searchQuery=Census%20Methodology,SYNTHETIC_SAMPLE_FOR_DEMO
IGOT-0218,Census Methodology – Foundation (Module 2),Statistical Competencies,Census Methodology,Foundation,6 hrs,"English, Hindi, Regional",Ministry of Statistics and Programme Implementation (MoSPI),Statistical Competencies; Census Methodology; Foundation; Module 2,https://igotkarmayogi.gov.in/#/explore?searchQuery=Census%20Methodology,SYNTHETIC_SAMPLE_FOR_DEMO
IGOT-0219,Census Methodology – Intermediate (Module 1),Statistical Competencies,Census Methodology,Intermediate,8 hrs,English,National Informatics Centre (NIC),Statistical Competencies; Census Methodology; Intermediate; Module 1,https://igotkarmayogi.gov.in/#/explore?searchQuery=Census%20Methodology,SYNTHETIC_SAMPLE_FOR_DEMO
IGOT-0220,Census Methodology – Intermediate (Module 2),Statistical Competencies,Census Methodology,Intermediate,12 hrs,"English, Hindi",Capacity Building Commission (CBC),Statistical Competencies; Census Methodology; Intermediate; Module 2,https://igotkarmayogi.gov.in/#/explore?searchQuery=Census%20Methodology,SYNTHETIC_SAMPLE_FOR_DEMO
IGOT-0221,Census Methodology – Advanced (Module 1),Statistical Competencies,Census Methodology,Advanced,20 hrs,"English, Hindi, Regional",iGOT Karmayogi Central Content Team,Statistical Competencies; Census Methodology; Advanced; Module 1,https://igotkarmayogi.gov.in/#/explore?searchQuery=Census%20Methodology,SYNTHETIC_SAMPLE_FOR_DEMO
IGOT-0222,Census Methodology – Advanced (Module 2),Statistical Competencies,Census Methodology,Advanced,2 hrs,English,National Statistical Systems Training Academy (NSSTA),Statistical Competencies; Census Methodology; Advanced; Module 2,https://igotkarmayogi.gov.in/#/explore?searchQuery=Census%20Methodology,SYNTHETIC_SAMPLE_FOR_DEMO
IGOT-0223,Economic Statistics – Foundation (Module 1),Statistical Competencies,Economic Statistics,Foundation,4 hrs,"English, Hindi",Indian Institute of Public Administration (IIPA),Statistical Competencies; Economic Statistics; Foundation; Module 1,https://igotkarmayogi.gov.in/#/explore?searchQuery=Economic%20Statistics,SYNTHETIC_SAMPLE_FOR_DEMO
IGOT-0224,Economic Statistics – Foundation (Module 2),Statistical Competencies,Economic Statistics,Foundation,6 hrs,"English, Hindi, Regional",Ministry of Statistics and Programme Implementation (MoSPI),Statistical Competencies; Economic Statistics; Foundation; Module 2,https://igotkarmayogi.gov.in/#/explore?searchQuery=Economic%20Statistics,SYNTHETIC_SAMPLE_FOR_DEMO
IGOT-0225,Economic Statistics – Intermediate (Module 1),Statistical Competencies,Economic Statistics,Intermediate,8 hrs,English,National Informatics Centre (NIC),Statistical Competencies; Economic Statistics; Intermediate; Module 1,https://igotkarmayogi.gov.in/#/explore?searchQuery=Economic%20Statistics,SYNTHETIC_SAMPLE_FOR_DEMO
IGOT-0226,Economic Statistics – Intermediate (Module 2),Statistical Competencies,Economic Statistics,Intermediate,12 hrs,"English, Hindi",Capacity Building Commission (CBC),Statistical Competencies; Economic Statistics; Intermediate; Module 2,https://igotkarmayogi.gov.in/#/explore?searchQuery=Economic%20Statistics,SYNTHETIC_SAMPLE_FOR_DEMO
IGOT-0227,Economic Statistics – Advanced (Module 1),Statistical Competencies,Economic Statistics,Advanced,20 hrs,"English, Hindi, Regional",iGOT Karmayogi Central Content Team,Statistical Competencies; Economic Statistics; Advanced; Module 1,https://igotkarmayogi.gov.in/#/explore?searchQuery=Economic%20Statistics,SYNTHETIC_SAMPLE_FOR_DEMO
IGOT-0228,Economic Statistics – Advanced (Module 2),Statistical Competencies,Economic Statistics,Advanced,2 hrs,English,National Statistical Systems Training Academy (NSSTA),Statistical Competencies; Economic Statistics; Advanced; Module 2,https://igotkarmayogi.gov.in/#/explore?searchQuery=Economic%20Statistics,SYNTHETIC_SAMPLE_FOR_DEMO
IGOT-0229,Time Series Analysis for Official Statistics – Foundation (Module 1),Statistical Competencies,Time Series Analysis for Official Statistics,Foundation,4 hrs,"English, Hindi",Indian Institute of Public Administration (IIPA),Statistical Competencies; Time Series Analysis for Official Statistics; Foundation; Module 1,https://igotkarmayogi.gov.in/#/explore?searchQuery=Time%20Series%20Analysis%20for%20Official%20Statistics,SYNTHETIC_SAMPLE_FOR_DEMO
IGOT-0230,Time Series Analysis for Official Statistics – Foundation (Module 2),Statistical Competencies,Time Series Analysis for Official Statistics,Foundation,6 hrs,"English, Hindi, Regional",Ministry of Statistics and Programme Implementation (MoSPI),Statistical Competencies; Time Series Analysis for Official Statistics; Foundation; Module 2,https://igotkarmayogi.gov.in/#/explore?searchQuery=Time%20Series%20Analysis%20for%20Official%20Statistics,SYNTHETIC_SAMPLE_FOR_DEMO
IGOT-0231,Time Series Analysis for Official Statistics – Intermediate (Module 1),Statistical Competencies,Time Series Analysis for Official Statistics,Intermediate,8 hrs,English,National Informatics Centre (NIC),Statistical Competencies; Time Series Analysis for Official Statistics; Intermediate; Module 1,https://igotkarmayogi.gov.in/#/explore?searchQuery=Time%20Series%20Analysis%20for%20Official%20Statistics,SYNTHETIC_SAMPLE_FOR_DEMO
IGOT-0232,Time Series Analysis for Official Statistics – Intermediate (Module 2),Statistical Competencies,Time Series Analysis for Official Statistics,Intermediate,12 hrs,"English, Hindi",Capacity Building Commission (CBC),Statistical Competencies; Time Series Analysis for Official Statistics; Intermediate; Module 2,https://igotkarmayogi.gov.in/#/explore?searchQuery=Time%20Series%20Analysis%20for%20Official%20Statistics,SYNTHETIC_SAMPLE_FOR_DEMO
IGOT-0233,Time Series Analysis for Official Statistics – Advanced (Module 1),Statistical Competencies,Time Series Analysis for Official Statistics,Advanced,20 hrs,"English, Hindi, Regional",iGOT Karmayogi Central Content Team,Statistical Competencies; Time Series Analysis for Official Statistics; Advanced; Module 1,https://igotkarmayogi.gov.in/#/explore?searchQuery=Time%20Series%20Analysis%20for%20Official%20Statistics,SYNTHETIC_SAMPLE_FOR_DEMO
IGOT-0234,Time Series Analysis for Official Statistics – Advanced (Module 2),Statistical Competencies,Time Series Analysis for Official Statistics,Advanced,2 hrs,English,National Statistical Systems Training Academy (NSSTA),Statistical Competencies; Time Series Analysis for Official Statistics; Advanced; Module 2,https://igotkarmayogi.gov.in/#/explore?searchQuery=Time%20Series%20Analysis%20for%20Official%20Statistics,SYNTHETIC_SAMPLE_FOR_DEMO
IGOT-0235,Statistical Estimation Methods – Foundation (Module 1),Statistical Competencies,Statistical Estimation Methods,Foundation,4 hrs,"English, Hindi",Indian Institute of Public Administration (IIPA),Statistical Competencies; Statistical Estimation Methods; Foundation; Module 1,https://igotkarmayogi.gov.in/#/explore?searchQuery=Statistical%20Estimation%20Methods,SYNTHETIC_SAMPLE_FOR_DEMO
IGOT-0236,Statistical Estimation Methods – Foundation (Module 2),Statistical Competencies,Statistical Estimation Methods,Foundation,6 hrs,"English, Hindi, Regional",Ministry of Statistics and Programme Implementation (MoSPI),Statistical Competencies; Statistical Estimation Methods; Foundation; Module 2,https://igotkarmayogi.gov.in/#/explore?searchQuery=Statistical%20Estimation%20Methods,SYNTHETIC_SAMPLE_FOR_DEMO
IGOT-0237,Statistical Estimation Methods – Intermediate (Module 1),Statistical Competencies,Statistical Estimation Methods,Intermediate,8 hrs,English,National Informatics Centre (NIC),Statistical Competencies; Statistical Estimation Methods; Intermediate; Module 1,https://igotkarmayogi.gov.in/#/explore?searchQuery=Statistical%20Estimation%20Methods,SYNTHETIC_SAMPLE_FOR_DEMO
IGOT-0238,Statistical Estimation Methods – Intermediate (Module 2),Statistical Competencies,Statistical Estimation Methods,Intermediate,12 hrs,"English, Hindi",Capacity Building Commission (CBC),Statistical Competencies; Statistical Estimation Methods; Intermediate; Module 2,https://igotkarmayogi.gov.in/#/explore?searchQuery=Statistical%20Estimation%20Methods,SYNTHETIC_SAMPLE_FOR_DEMO
IGOT-0239,Statistical Estimation Methods – Advanced (Module 1),Statistical Competencies,Statistical Estimation Methods,Advanced,20 hrs,"English, Hindi, Regional",iGOT Karmayogi Central Content Team,Statistical Competencies; Statistical Estimation Methods; Advanced; Module 1,https://igotkarmayogi.gov.in/#/explore?searchQuery=Statistical%20Estimation%20Methods,SYNTHETIC_SAMPLE_FOR_DEMO
IGOT-0240,Statistical Estimation Methods – Advanced (Module 2),Statistical Competencies,Statistical Estimation Methods,Advanced,2 hrs,English,National Statistical Systems Training Academy (NSSTA),Statistical Competencies; Statistical Estimation Methods; Advanced; Module 2,https://igotkarmayogi.gov.in/#/explore?searchQuery=Statistical%20Estimation%20Methods,SYNTHETIC_SAMPLE_FOR_DEMO
IGOT-0241,Administrative Data Integration – Foundation (Module 1),Statistical Competencies,Administrative Data Integration,Foundation,4 hrs,"English, Hindi",Indian Institute of Public Administration (IIPA),Statistical Competencies; Administrative Data Integration; Foundation; Module 1,https://igotkarmayogi.gov.in/#/explore?searchQuery=Administrative%20Data%20Integration,SYNTHETIC_SAMPLE_FOR_DEMO
IGOT-0242,Administrative Data Integration – Foundation (Module 2),Statistical Competencies,Administrative Data Integration,Foundation,6 hrs,"English, Hindi, Regional",Ministry of Statistics and Programme Implementation (MoSPI),Statistical Competencies; Administrative Data Integration; Foundation; Module 2,https://igotkarmayogi.gov.in/#/explore?searchQuery=Administrative%20Data%20Integration,SYNTHETIC_SAMPLE_FOR_DEMO
IGOT-0243,Administrative Data Integration – Intermediate (Module 1),Statistical Competencies,Administrative Data Integration,Intermediate,8 hrs,English,National Informatics Centre (NIC),Statistical Competencies; Administrative Data Integration; Intermediate; Module 1,https://igotkarmayogi.gov.in/#/explore?searchQuery=Administrative%20Data%20Integration,SYNTHETIC_SAMPLE_FOR_DEMO
IGOT-0244,Administrative Data Integration – Intermediate (Module 2),Statistical Competencies,Administrative Data Integration,Intermediate,12 hrs,"English, Hindi",Capacity Building Commission (CBC),Statistical Competencies; Administrative Data Integration; Intermediate; Module 2,https://igotkarmayogi.gov.in/#/explore?searchQuery=Administrative%20Data%20Integration,SYNTHETIC_SAMPLE_FOR_DEMO
IGOT-0245,Administrative Data Integration – Advanced (Module 1),Statistical Competencies,Administrative Data Integration,Advanced,20 hrs,"English, Hindi, Regional",iGOT Karmayogi Central Content Team,Statistical Competencies; Administrative Data Integration; Advanced; Module 1,https://igotkarmayogi.gov.in/#/explore?searchQuery=Administrative%20Data%20Integration,SYNTHETIC_SAMPLE_FOR_DEMO
IGOT-0246,Administrative Data Integration – Advanced (Module 2),Statistical Competencies,Administrative Data Integration,Advanced,2 hrs,English,National Statistical Systems Training Academy (NSSTA),Statistical Competencies; Administrative Data Integration; Advanced; Module 2,https://igotkarmayogi.gov.in/#/explore?searchQuery=Administrative%20Data%20Integration,SYNTHETIC_SAMPLE_FOR_DEMO
IGOT-0247,Python for Data Analysis – Foundation (Module 1),Technical Competencies,Python for Data Analysis,Foundation,4 hrs,"English, Hindi",Indian Institute of Public Administration (IIPA),Technical Competencies; Python for Data Analysis; Foundation; Module 1,https://igotkarmayogi.gov.in/#/explore?searchQuery=Python%20for%20Data%20Analysis,SYNTHETIC_SAMPLE_FOR_DEMO
IGOT-0248,Python for Data Analysis – Foundation (Module 2),Technical Competencies,Python for Data Analysis,Foundation,6 hrs,"English, Hindi, Regional",Ministry of Statistics and Programme Implementation (MoSPI),Technical Competencies; Python for Data Analysis; Foundation; Module 2,https://igotkarmayogi.gov.in/#/explore?searchQuery=Python%20for%20Data%20Analysis,SYNTHETIC_SAMPLE_FOR_DEMO
IGOT-0249,Python for Data Analysis – Intermediate (Module 1),Technical Competencies,Python for Data Analysis,Intermediate,8 hrs,English,National Informatics Centre (NIC),Technical Competencies; Python for Data Analysis; Intermediate; Module 1,https://igotkarmayogi.gov.in/#/explore?searchQuery=Python%20for%20Data%20Analysis,SYNTHETIC_SAMPLE_FOR_DEMO
IGOT-0250,Python for Data Analysis – Intermediate (Module 2),Technical Competencies,Python for Data Analysis,Intermediate,12 hrs,"English, Hindi",Capacity Building Commission (CBC),Technical Competencies; Python for Data Analysis; Intermediate; Module 2,https://igotkarmayogi.gov.in/#/explore?searchQuery=Python%20for%20Data%20Analysis,SYNTHETIC_SAMPLE_FOR_DEMO
IGOT-0251,Python for Data Analysis – Advanced (Module 1),Technical Competencies,Python for Data Analysis,Advanced,20 hrs,"English, Hindi, Regional",iGOT Karmayogi Central Content Team,Technical Competencies; Python for Data Analysis; Advanced; Module 1,https://igotkarmayogi.gov.in/#/explore?searchQuery=Python%20for%20Data%20Analysis,SYNTHETIC_SAMPLE_FOR_DEMO
IGOT-0252,Python for Data Analysis – Advanced (Module 2),Technical Competencies,Python for Data Analysis,Advanced,2 hrs,English,National Statistical Systems Training Academy (NSSTA),Technical Competencies; Python for Data Analysis; Advanced; Module 2,https://igotkarmayogi.gov.in/#/explore?searchQuery=Python%20for%20Data%20Analysis,SYNTHETIC_SAMPLE_FOR_DEMO
IGOT-0253,R Programming for Statisticians – Foundation (Module 1),Technical Competencies,R Programming for Statisticians,Foundation,4 hrs,"English, Hindi",Indian Institute of Public Administration (IIPA),Technical Competencies; R Programming for Statisticians; Foundation; Module 1,https://igotkarmayogi.gov.in/#/explore?searchQuery=R%20Programming%20for%20Statisticians,SYNTHETIC_SAMPLE_FOR_DEMO
IGOT-0254,R Programming for Statisticians – Foundation (Module 2),Technical Competencies,R Programming for Statisticians,Foundation,6 hrs,"English, Hindi, Regional",Ministry of Statistics and Programme Implementation (MoSPI),Technical Competencies; R Programming for Statisticians; Foundation; Module 2,https://igotkarmayogi.gov.in/#/explore?searchQuery=R%20Programming%20for%20Statisticians,SYNTHETIC_SAMPLE_FOR_DEMO
IGOT-0255,R Programming for Statisticians – Intermediate (Module 1),Technical Competencies,R Programming for Statisticians,Intermediate,8 hrs,English,National Informatics Centre (NIC),Technical Competencies; R Programming for Statisticians; Intermediate; Module 1,https://igotkarmayogi.gov.in/#/explore?searchQuery=R%20Programming%20for%20Statisticians,SYNTHETIC_SAMPLE_FOR_DEMO
IGOT-0256,R Programming for Statisticians – Intermediate (Module 2),Technical Competencies,R Programming for Statisticians,Intermediate,12 hrs,"English, Hindi",Capacity Building Commission (CBC),Technical Competencies; R Programming for Statisticians; Intermediate; Module 2,https://igotkarmayogi.gov.in/#/explore?searchQuery=R%20Programming%20for%20Statisticians,SYNTHETIC_SAMPLE_FOR_DEMO
IGOT-0257,R Programming for Statisticians – Advanced (Module 1),Technical Competencies,R Programming for Statisticians,Advanced,20 hrs,"English, Hindi, Regional",iGOT Karmayogi Central Content Team,Technical Competencies; R Programming for Statisticians; Advanced; Module 1,https://igotkarmayogi.gov.in/#/explore?searchQuery=R%20Programming%20for%20Statisticians,SYNTHETIC_SAMPLE_FOR_DEMO
IGOT-0258,R Programming for Statisticians – Advanced (Module 2),Technical Competencies,R Programming for Statisticians,Advanced,2 hrs,English,National Statistical Systems Training Academy (NSSTA),Technical Competencies; R Programming for Statisticians; Advanced; Module 2,https://igotkarmayogi.gov.in/#/explore?searchQuery=R%20Programming%20for%20Statisticians,SYNTHETIC_SAMPLE_FOR_DEMO
IGOT-0259,SQL for Data Management – Foundation (Module 1),Technical Competencies,SQL for Data Management,Foundation,4 hrs,"English, Hindi",Indian Institute of Public Administration (IIPA),Technical Competencies; SQL for Data Management; Foundation; Module 1,https://igotkarmayogi.gov.in/#/explore?searchQuery=SQL%20for%20Data%20Management,SYNTHETIC_SAMPLE_FOR_DEMO
IGOT-0260,SQL for Data Management – Foundation (Module 2),Technical Competencies,SQL for Data Management,Foundation,6 hrs,"English, Hindi, Regional",Ministry of Statistics and Programme Implementation (MoSPI),Technical Competencies; SQL for Data Management; Foundation; Module 2,https://igotkarmayogi.gov.in/#/explore?searchQuery=SQL%20for%20Data%20Management,SYNTHETIC_SAMPLE_FOR_DEMO
IGOT-0261,SQL for Data Management – Intermediate (Module 1),Technical Competencies,SQL for Data Management,Intermediate,8 hrs,English,National Informatics Centre (NIC),Technical Competencies; SQL for Data Management; Intermediate; Module 1,https://igotkarmayogi.gov.in/#/explore?searchQuery=SQL%20for%20Data%20Management,SYNTHETIC_SAMPLE_FOR_DEMO
IGOT-0262,SQL for Data Management – Intermediate (Module 2),Technical Competencies,SQL for Data Management,Intermediate,12 hrs,"English, Hindi",Capacity Building Commission (CBC),Technical Competencies; SQL for Data Management; Intermediate; Module 2,https://igotkarmayogi.gov.in/#/explore?searchQuery=SQL%20for%20Data%20Management,SYNTHETIC_SAMPLE_FOR_DEMO
IGOT-0263,SQL for Data Management – Advanced (Module 1),Technical Competencies,SQL for Data Management,Advanced,20 hrs,"English, Hindi, Regional",iGOT Karmayogi Central Content Team,Technical Competencies; SQL for Data Management; Advanced; Module 1,https://igotkarmayogi.gov.in/#/explore?searchQuery=SQL%20for%20Data%20Management,SYNTHETIC_SAMPLE_FOR_DEMO
IGOT-0264,SQL for Data Management – Advanced (Module 2),Technical Competencies,SQL for Data Management,Advanced,2 hrs,English,National Statistical Systems Training Academy (NSSTA),Technical Competencies; SQL for Data Management; Advanced; Module 2,https://igotkarmayogi.gov.in/#/explore?searchQuery=SQL%20for%20Data%20Management,SYNTHETIC_SAMPLE_FOR_DEMO
IGOT-0265,Stata for Survey Data – Foundation (Module 1),Technical Competencies,Stata for Survey Data,Foundation,4 hrs,"English, Hindi",Indian Institute of Public Administration (IIPA),Technical Competencies; Stata for Survey Data; Foundation; Module 1,https://igotkarmayogi.gov.in/#/explore?searchQuery=Stata%20for%20Survey%20Data,SYNTHETIC_SAMPLE_FOR_DEMO
IGOT-0266,Stata for Survey Data – Foundation (Module 2),Technical Competencies,Stata for Survey Data,Foundation,6 hrs,"English, Hindi, Regional",Ministry of Statistics and Programme Implementation (MoSPI),Technical Competencies; Stata for Survey Data; Foundation; Module 2,https://igotkarmayogi.gov.in/#/explore?searchQuery=Stata%20for%20Survey%20Data,SYNTHETIC_SAMPLE_FOR_DEMO
IGOT-0267,Stata for Survey Data – Intermediate (Module 1),Technical Competencies,Stata for Survey Data,Intermediate,8 hrs,English,National Informatics Centre (NIC),Technical Competencies; Stata for Survey Data; Intermediate; Module 1,https://igotkarmayogi.gov.in/#/explore?searchQuery=Stata%20for%20Survey%20Data,SYNTHETIC_SAMPLE_FOR_DEMO
IGOT-0268,Stata for Survey Data – Intermediate (Module 2),Technical Competencies,Stata for Survey Data,Intermediate,12 hrs,"English, Hindi",Capacity Building Commission (CBC),Technical Competencies; Stata for Survey Data; Intermediate; Module 2,https://igotkarmayogi.gov.in/#/explore?searchQuery=Stata%20for%20Survey%20Data,SYNTHETIC_SAMPLE_FOR_DEMO
IGOT-0269,Stata for Survey Data – Advanced (Module 1),Technical Competencies,Stata for Survey Data,Advanced,20 hrs,"English, Hindi, Regional",iGOT Karmayogi Central Content Team,Technical Competencies; Stata for Survey Data; Advanced; Module 1,https://igotkarmayogi.gov.in/#/explore?searchQuery=Stata%20for%20Survey%20Data,SYNTHETIC_SAMPLE_FOR_DEMO
IGOT-0270,Stata for Survey Data – Advanced (Module 2),Technical Competencies,Stata for Survey Data,Advanced,2 hrs,English,National Statistical Systems Training Academy (NSSTA),Technical Competencies; Stata for Survey Data; Advanced; Module 2,https://igotkarmayogi.gov.in/#/explore?searchQuery=Stata%20for%20Survey%20Data,SYNTHETIC_SAMPLE_FOR_DEMO
IGOT-0271,SPSS Fundamentals – Foundation (Module 1),Technical Competencies,SPSS Fundamentals,Foundation,4 hrs,"English, Hindi",Indian Institute of Public Administration (IIPA),Technical Competencies; SPSS Fundamentals; Foundation; Module 1,https://igotkarmayogi.gov.in/#/explore?searchQuery=SPSS%20Fundamentals,SYNTHETIC_SAMPLE_FOR_DEMO
IGOT-0272,SPSS Fundamentals – Foundation (Module 2),Technical Competencies,SPSS Fundamentals,Foundation,6 hrs,"English, Hindi, Regional",Ministry of Statistics and Programme Implementation (MoSPI),Technical Competencies; SPSS Fundamentals; Foundation; Module 2,https://igotkarmayogi.gov.in/#/explore?searchQuery=SPSS%20Fundamentals,SYNTHETIC_SAMPLE_FOR_DEMO
IGOT-0273,SPSS Fundamentals – Intermediate (Module 1),Technical Competencies,SPSS Fundamentals,Intermediate,8 hrs,English,National Informatics Centre (NIC),Technical Competencies; SPSS Fundamentals; Intermediate; Module 1,https://igotkarmayogi.gov.in/#/explore?searchQuery=SPSS%20Fundamentals,SYNTHETIC_SAMPLE_FOR_DEMO
IGOT-0274,SPSS Fundamentals – Intermediate (Module 2),Technical Competencies,SPSS Fundamentals,Intermediate,12 hrs,"English, Hindi",Capacity Building Commission (CBC),Technical Competencies; SPSS Fundamentals; Intermediate; Module 2,https://igotkarmayogi.gov.in/#/explore?searchQuery=SPSS%20Fundamentals,SYNTHETIC_SAMPLE_FOR_DEMO
IGOT-0275,SPSS Fundamentals – Advanced (Module 1),Technical Competencies,SPSS Fundamentals,Advanced,20 hrs,"English, Hindi, Regional",iGOT Karmayogi Central Content Team,Technical Competencies; SPSS Fundamentals; Advanced; Module 1,https://igotkarmayogi.gov.in/#/explore?searchQuery=SPSS%20Fundamentals,SYNTHETIC_SAMPLE_FOR_DEMO
IGOT-0276,SPSS Fundamentals – Advanced (Module 2),Technical Competencies,SPSS Fundamentals,Advanced,2 hrs,English,National Statistical Systems Training Academy (NSSTA),Technical Competencies; SPSS Fundamentals; Advanced; Module 2,https://igotkarmayogi.gov.in/#/explore?searchQuery=SPSS%20Fundamentals,SYNTHETIC_SAMPLE_FOR_DEMO
IGOT-0277,SAS Programming – Foundation (Module 1),Technical Competencies,SAS Programming,Foundation,4 hrs,"English, Hindi",Indian Institute of Public Administration (IIPA),Technical Competencies; SAS Programming; Foundation; Module 1,https://igotkarmayogi.gov.in/#/explore?searchQuery=SAS%20Programming,SYNTHETIC_SAMPLE_FOR_DEMO
IGOT-0278,SAS Programming – Foundation (Module 2),Technical Competencies,SAS Programming,Foundation,6 hrs,"English, Hindi, Regional",Ministry of Statistics and Programme Implementation (MoSPI),Technical Competencies; SAS Programming; Foundation; Module 2,https://igotkarmayogi.gov.in/#/explore?searchQuery=SAS%20Programming,SYNTHETIC_SAMPLE_FOR_DEMO
IGOT-0279,SAS Programming – Intermediate (Module 1),Technical Competencies,SAS Programming,Intermediate,8 hrs,English,National Informatics Centre (NIC),Technical Competencies; SAS Programming; Intermediate; Module 1,https://igotkarmayogi.gov.in/#/explore?searchQuery=SAS%20Programming,SYNTHETIC_SAMPLE_FOR_DEMO
IGOT-0280,SAS Programming – Intermediate (Module 2),Technical Competencies,SAS Programming,Intermediate,12 hrs,"English, Hindi",Capacity Building Commission (CBC),Technical Competencies; SAS Programming; Intermediate; Module 2,https://igotkarmayogi.gov.in/#/explore?searchQuery=SAS%20Programming,SYNTHETIC_SAMPLE_FOR_DEMO
IGOT-0281,SAS Programming – Advanced (Module 1),Technical Competencies,SAS Programming,Advanced,20 hrs,"English, Hindi, Regional",iGOT Karmayogi Central Content Team,Technical Competencies; SAS Programming; Advanced; Module 1,https://igotkarmayogi.gov.in/#/explore?searchQuery=SAS%20Programming,SYNTHETIC_SAMPLE_FOR_DEMO
IGOT-0282,SAS Programming – Advanced (Module 2),Technical Competencies,SAS Programming,Advanced,2 hrs,English,National Statistical Systems Training Academy (NSSTA),Technical Competencies; SAS Programming; Advanced; Module 2,https://igotkarmayogi.gov.in/#/explore?searchQuery=SAS%20Programming,SYNTHETIC_SAMPLE_FOR_DEMO
IGOT-0283,GIS & Spatial Data Analysis – Foundation (Module 1),Technical Competencies,GIS & Spatial Data Analysis,Foundation,4 hrs,"English, Hindi",Indian Institute of Public Administration (IIPA),Technical Competencies; GIS & Spatial Data Analysis; Foundation; Module 1,https://igotkarmayogi.gov.in/#/explore?searchQuery=GIS%20%26%20Spatial%20Data%20Analysis,SYNTHETIC_SAMPLE_FOR_DEMO
IGOT-0284,GIS & Spatial Data Analysis – Foundation (Module 2),Technical Competencies,GIS & Spatial Data Analysis,Foundation,6 hrs,"English, Hindi, Regional",Ministry of Statistics and Programme Implementation (MoSPI),Technical Competencies; GIS & Spatial Data Analysis; Foundation; Module 2,https://igotkarmayogi.gov.in/#/explore?searchQuery=GIS%20%26%20Spatial%20Data%20Analysis,SYNTHETIC_SAMPLE_FOR_DEMO
IGOT-0285,GIS & Spatial Data Analysis – Intermediate (Module 1),Technical Competencies,GIS & Spatial Data Analysis,Intermediate,8 hrs,English,National Informatics Centre (NIC),Technical Competencies; GIS & Spatial Data Analysis; Intermediate; Module 1,https://igotkarmayogi.gov.in/#/explore?searchQuery=GIS%20%26%20Spatial%20Data%20Analysis,SYNTHETIC_SAMPLE_FOR_DEMO
IGOT-0286,GIS & Spatial Data Analysis – Intermediate (Module 2),Technical Competencies,GIS & Spatial Data Analysis,Intermediate,12 hrs,"English, Hindi",Capacity Building Commission (CBC),Technical Competencies; GIS & Spatial Data Analysis; Intermediate; Module 2,https://igotkarmayogi.gov.in/#/explore?searchQuery=GIS%20%26%20Spatial%20Data%20Analysis,SYNTHETIC_SAMPLE_FOR_DEMO
IGOT-0287,GIS & Spatial Data Analysis – Advanced (Module 1),Technical Competencies,GIS & Spatial Data Analysis,Advanced,20 hrs,"English, Hindi, Regional",iGOT Karmayogi Central Content Team,Technical Competencies; GIS & Spatial Data Analysis; Advanced; Module 1,https://igotkarmayogi.gov.in/#/explore?searchQuery=GIS%20%26%20Spatial%20Data%20Analysis,SYNTHETIC_SAMPLE_FOR_DEMO
IGOT-0288,GIS & Spatial Data Analysis – Advanced (Module 2),Technical Competencies,GIS & Spatial Data Analysis,Advanced,2 hrs,English,National Statistical Systems Training Academy (NSSTA),Technical Competencies; GIS & Spatial Data Analysis; Advanced; Module 2,https://igotkarmayogi.gov.in/#/explore?searchQuery=GIS%20%26%20Spatial%20Data%20Analysis,SYNTHETIC_SAMPLE_FOR_DEMO
IGOT-0289,Data Visualization with Dashboards – Foundation (Module 1),Technical Competencies,Data Visualization with Dashboards,Foundation,4 hrs,"English, Hindi",Indian Institute of Public Administration (IIPA),Technical Competencies; Data Visualization with Dashboards; Foundation; Module 1,https://igotkarmayogi.gov.in/#/explore?searchQuery=Data%20Visualization%20with%20Dashboards,SYNTHETIC_SAMPLE_FOR_DEMO
IGOT-0290,Data Visualization with Dashboards – Foundation (Module 2),Technical Competencies,Data Visualization with Dashboards,Foundation,6 hrs,"English, Hindi, Regional",Ministry of Statistics and Programme Implementation (MoSPI),Technical Competencies; Data Visualization with Dashboards; Foundation; Module 2,https://igotkarmayogi.gov.in/#/explore?searchQuery=Data%20Visualization%20with%20Dashboards,SYNTHETIC_SAMPLE_FOR_DEMO
IGOT-0291,Data Visualization with Dashboards – Intermediate (Module 1),Technical Competencies,Data Visualization with Dashboards,Intermediate,8 hrs,English,National Informatics Centre (NIC),Technical Competencies; Data Visualization with Dashboards; Intermediate; Module 1,https://igotkarmayogi.gov.in/#/explore?searchQuery=Data%20Visualization%20with%20Dashboards,SYNTHETIC_SAMPLE_FOR_DEMO
IGOT-0292,Data Visualization with Dashboards – Intermediate (Module 2),Technical Competencies,Data Visualization with Dashboards,Intermediate,12 hrs,"English, Hindi",Capacity Building Commission (CBC),Technical Competencies; Data Visualization with Dashboards; Intermediate; Module 2,https://igotkarmayogi.gov.in/#/explore?searchQuery=Data%20Visualization%20with%20Dashboards,SYNTHETIC_SAMPLE_FOR_DEMO
IGOT-0293,Data Visualization with Dashboards – Advanced (Module 1),Technical Competencies,Data Visualization with Dashboards,Advanced,20 hrs,"English, Hindi, Regional",iGOT Karmayogi Central Content Team,Technical Competencies; Data Visualization with Dashboards; Advanced; Module 1,https://igotkarmayogi.gov.in/#/explore?searchQuery=Data%20Visualization%20with%20Dashboards,SYNTHETIC_SAMPLE_FOR_DEMO
IGOT-0294,Data Visualization with Dashboards – Advanced (Module 2),Technical Competencies,Data Visualization with Dashboards,Advanced,2 hrs,English,National Statistical Systems Training Academy (NSSTA),Technical Competencies; Data Visualization with Dashboards; Advanced; Module 2,https://igotkarmayogi.gov.in/#/explore?searchQuery=Data%20Visualization%20with%20Dashboards,SYNTHETIC_SAMPLE_FOR_DEMO
IGOT-0295,AI/ML Foundations – Foundation (Module 1),Technical Competencies,AI/ML Foundations,Foundation,4 hrs,"English, Hindi",Indian Institute of Public Administration (IIPA),Technical Competencies; AI/ML Foundations; Foundation; Module 1,https://igotkarmayogi.gov.in/#/explore?searchQuery=AI/ML%20Foundations,SYNTHETIC_SAMPLE_FOR_DEMO
IGOT-0296,AI/ML Foundations – Foundation (Module 2),Technical Competencies,AI/ML Foundations,Foundation,6 hrs,"English, Hindi, Regional",Ministry of Statistics and Programme Implementation (MoSPI),Technical Competencies; AI/ML Foundations; Foundation; Module 2,https://igotkarmayogi.gov.in/#/explore?searchQuery=AI/ML%20Foundations,SYNTHETIC_SAMPLE_FOR_DEMO
IGOT-0297,AI/ML Foundations – Intermediate (Module 1),Technical Competencies,AI/ML Foundations,Intermediate,8 hrs,English,National Informatics Centre (NIC),Technical Competencies; AI/ML Foundations; Intermediate; Module 1,https://igotkarmayogi.gov.in/#/explore?searchQuery=AI/ML%20Foundations,SYNTHETIC_SAMPLE_FOR_DEMO
IGOT-0298,AI/ML Foundations – Intermediate (Module 2),Technical Competencies,AI/ML Foundations,Intermediate,12 hrs,"English, Hindi",Capacity Building Commission (CBC),Technical Competencies; AI/ML Foundations; Intermediate; Module 2,https://igotkarmayogi.gov.in/#/explore?searchQuery=AI/ML%20Foundations,SYNTHETIC_SAMPLE_FOR_DEMO
IGOT-0299,AI/ML Foundations – Advanced (Module 1),Technical Competencies,AI/ML Foundations,Advanced,20 hrs,"English, Hindi, Regional",iGOT Karmayogi Central Content Team,Technical Competencies; AI/ML Foundations; Advanced; Module 1,https://igotkarmayogi.gov.in/#/explore?searchQuery=AI/ML%20Foundations,SYNTHETIC_SAMPLE_FOR_DEMO
IGOT-0300,AI/ML Foundations – Advanced (Module 2),Technical Competencies,AI/ML Foundations,Advanced,2 hrs,English,National Statistical Systems Training Academy (NSSTA),Technical Competencies; AI/ML Foundations; Advanced; Module 2,https://igotkarmayogi.gov.in/#/explore?searchQuery=AI/ML%20Foundations,SYNTHETIC_SAMPLE_FOR_DEMO
IGOT-0301,Cloud Computing Essentials – Foundation (Module 1),Technical Competencies,Cloud Computing Essentials,Foundation,4 hrs,"English, Hindi",Indian Institute of Public Administration (IIPA),Technical Competencies; Cloud Computing Essentials; Foundation; Module 1,https://igotkarmayogi.gov.in/#/explore?searchQuery=Cloud%20Computing%20Essentials,SYNTHETIC_SAMPLE_FOR_DEMO
IGOT-0302,Cloud Computing Essentials – Foundation (Module 2),Technical Competencies,Cloud Computing Essentials,Foundation,6 hrs,"English, Hindi, Regional",Ministry of Statistics and Programme Implementation (MoSPI),Technical Competencies; Cloud Computing Essentials; Foundation; Module 2,https://igotkarmayogi.gov.in/#/explore?searchQuery=Cloud%20Computing%20Essentials,SYNTHETIC_SAMPLE_FOR_DEMO
IGOT-0303,Cloud Computing Essentials – Intermediate (Module 1),Technical Competencies,Cloud Computing Essentials,Intermediate,8 hrs,English,National Informatics Centre (NIC),Technical Competencies; Cloud Computing Essentials; Intermediate; Module 1,https://igotkarmayogi.gov.in/#/explore?searchQuery=Cloud%20Computing%20Essentials,SYNTHETIC_SAMPLE_FOR_DEMO
IGOT-0304,Cloud Computing Essentials – Intermediate (Module 2),Technical Competencies,Cloud Computing Essentials,Intermediate,12 hrs,"English, Hindi",Capacity Building Commission (CBC),Technical Competencies; Cloud Computing Essentials; Intermediate; Module 2,https://igotkarmayogi.gov.in/#/explore?searchQuery=Cloud%20Computing%20Essentials,SYNTHETIC_SAMPLE_FOR_DEMO
IGOT-0305,Cloud Computing Essentials – Advanced (Module 1),Technical Competencies,Cloud Computing Essentials,Advanced,20 hrs,"English, Hindi, Regional",iGOT Karmayogi Central Content Team,Technical Competencies; Cloud Computing Essentials; Advanced; Module 1,https://igotkarmayogi.gov.in/#/explore?searchQuery=Cloud%20Computing%20Essentials,SYNTHETIC_SAMPLE_FOR_DEMO
IGOT-0306,Cloud Computing Essentials – Advanced (Module 2),Technical Competencies,Cloud Computing Essentials,Advanced,2 hrs,English,National Statistical Systems Training Academy (NSSTA),Technical Competencies; Cloud Computing Essentials; Advanced; Module 2,https://igotkarmayogi.gov.in/#/explore?searchQuery=Cloud%20Computing%20Essentials,SYNTHETIC_SAMPLE_FOR_DEMO
IGOT-0307,API Integration & Development – Foundation (Module 1),Technical Competencies,API Integration & Development,Foundation,4 hrs,"English, Hindi",Indian Institute of Public Administration (IIPA),Technical Competencies; API Integration & Development; Foundation; Module 1,https://igotkarmayogi.gov.in/#/explore?searchQuery=API%20Integration%20%26%20Development,SYNTHETIC_SAMPLE_FOR_DEMO
IGOT-0308,API Integration & Development – Foundation (Module 2),Technical Competencies,API Integration & Development,Foundation,6 hrs,"English, Hindi, Regional",Ministry of Statistics and Programme Implementation (MoSPI),Technical Competencies; API Integration & Development; Foundation; Module 2,https://igotkarmayogi.gov.in/#/explore?searchQuery=API%20Integration%20%26%20Development,SYNTHETIC_SAMPLE_FOR_DEMO
IGOT-0309,API Integration & Development – Intermediate (Module 1),Technical Competencies,API Integration & Development,Intermediate,8 hrs,English,National Informatics Centre (NIC),Technical Competencies; API Integration & Development; Intermediate; Module 1,https://igotkarmayogi.gov.in/#/explore?searchQuery=API%20Integration%20%26%20Development,SYNTHETIC_SAMPLE_FOR_DEMO
IGOT-0310,API Integration & Development – Intermediate (Module 2),Technical Competencies,API Integration & Development,Intermediate,12 hrs,"English, Hindi",Capacity Building Commission (CBC),Technical Competencies; API Integration & Development; Intermediate; Module 2,https://igotkarmayogi.gov.in/#/explore?searchQuery=API%20Integration%20%26%20Development,SYNTHETIC_SAMPLE_FOR_DEMO
IGOT-0311,API Integration & Development – Advanced (Module 1),Technical Competencies,API Integration & Development,Advanced,20 hrs,"English, Hindi, Regional",iGOT Karmayogi Central Content Team,Technical Competencies; API Integration & Development; Advanced; Module 1,https://igotkarmayogi.gov.in/#/explore?searchQuery=API%20Integration%20%26%20Development,SYNTHETIC_SAMPLE_FOR_DEMO
IGOT-0312,API Integration & Development – Advanced (Module 2),Technical Competencies,API Integration & Development,Advanced,2 hrs,English,National Statistical Systems Training Academy (NSSTA),Technical Competencies; API Integration & Development; Advanced; Module 2,https://igotkarmayogi.gov.in/#/explore?searchQuery=API%20Integration%20%26%20Development,SYNTHETIC_SAMPLE_FOR_DEMO
IGOT-0313,Open Data Publishing – Foundation (Module 1),Technical Competencies,Open Data Publishing,Foundation,4 hrs,"English, Hindi",Indian Institute of Public Administration (IIPA),Technical Competencies; Open Data Publishing; Foundation; Module 1,https://igotkarmayogi.gov.in/#/explore?searchQuery=Open%20Data%20Publishing,SYNTHETIC_SAMPLE_FOR_DEMO
IGOT-0314,Open Data Publishing – Foundation (Module 2),Technical Competencies,Open Data Publishing,Foundation,6 hrs,"English, Hindi, Regional",Ministry of Statistics and Programme Implementation (MoSPI),Technical Competencies; Open Data Publishing; Foundation; Module 2,https://igotkarmayogi.gov.in/#/explore?searchQuery=Open%20Data%20Publishing,SYNTHETIC_SAMPLE_FOR_DEMO
IGOT-0315,Open Data Publishing – Intermediate (Module 1),Technical Competencies,Open Data Publishing,Intermediate,8 hrs,English,National Informatics Centre (NIC),Technical Competencies; Open Data Publishing; Intermediate; Module 1,https://igotkarmayogi.gov.in/#/explore?searchQuery=Open%20Data%20Publishing,SYNTHETIC_SAMPLE_FOR_DEMO
IGOT-0316,Open Data Publishing – Intermediate (Module 2),Technical Competencies,Open Data Publishing,Intermediate,12 hrs,"English, Hindi",Capacity Building Commission (CBC),Technical Competencies; Open Data Publishing; Intermediate; Module 2,https://igotkarmayogi.gov.in/#/explore?searchQuery=Open%20Data%20Publishing,SYNTHETIC_SAMPLE_FOR_DEMO
IGOT-0317,Open Data Publishing – Advanced (Module 1),Technical Competencies,Open Data Publishing,Advanced,20 hrs,"English, Hindi, Regional",iGOT Karmayogi Central Content Team,Technical Competencies; Open Data Publishing; Advanced; Module 1,https://igotkarmayogi.gov.in/#/explore?searchQuery=Open%20Data%20Publishing,SYNTHETIC_SAMPLE_FOR_DEMO
IGOT-0318,Open Data Publishing – Advanced (Module 2),Technical Competencies,Open Data Publishing,Advanced,2 hrs,English,National Statistical Systems Training Academy (NSSTA),Technical Competencies; Open Data Publishing; Advanced; Module 2,https://igotkarmayogi.gov.in/#/explore?searchQuery=Open%20Data%20Publishing,SYNTHETIC_SAMPLE_FOR_DEMO
IGOT-0319,Big Data Analytics – Foundation (Module 1),Technical Competencies,Big Data Analytics,Foundation,4 hrs,"English, Hindi",Indian Institute of Public Administration (IIPA),Technical Competencies; Big Data Analytics; Foundation; Module 1,https://igotkarmayogi.gov.in/#/explore?searchQuery=Big%20Data%20Analytics,SYNTHETIC_SAMPLE_FOR_DEMO
IGOT-0320,Big Data Analytics – Foundation (Module 2),Technical Competencies,Big Data Analytics,Foundation,6 hrs,"English, Hindi, Regional",Ministry of Statistics and Programme Implementation (MoSPI),Technical Competencies; Big Data Analytics; Foundation; Module 2,https://igotkarmayogi.gov.in/#/explore?searchQuery=Big%20Data%20Analytics,SYNTHETIC_SAMPLE_FOR_DEMO
IGOT-0321,Big Data Analytics – Intermediate (Module 1),Technical Competencies,Big Data Analytics,Intermediate,8 hrs,English,National Informatics Centre (NIC),Technical Competencies; Big Data Analytics; Intermediate; Module 1,https://igotkarmayogi.gov.in/#/explore?searchQuery=Big%20Data%20Analytics,SYNTHETIC_SAMPLE_FOR_DEMO
IGOT-0322,Big Data Analytics – Intermediate (Module 2),Technical Competencies,Big Data Analytics,Intermediate,12 hrs,"English, Hindi",Capacity Building Commission (CBC),Technical Competencies; Big Data Analytics; Intermediate; Module 2,https://igotkarmayogi.gov.in/#/explore?searchQuery=Big%20Data%20Analytics,SYNTHETIC_SAMPLE_FOR_DEMO
IGOT-0323,Big Data Analytics – Advanced (Module 1),Technical Competencies,Big Data Analytics,Advanced,20 hrs,"English, Hindi, Regional",iGOT Karmayogi Central Content Team,Technical Competencies; Big Data Analytics; Advanced; Module 1,https://igotkarmayogi.gov.in/#/explore?searchQuery=Big%20Data%20Analytics,SYNTHETIC_SAMPLE_FOR_DEMO
IGOT-0324,Big Data Analytics – Advanced (Module 2),Technical Competencies,Big Data Analytics,Advanced,2 hrs,English,National Statistical Systems Training Academy (NSSTA),Technical Competencies; Big Data Analytics; Advanced; Module 2,https://igotkarmayogi.gov.in/#/explore?searchQuery=Big%20Data%20Analytics,SYNTHETIC_SAMPLE_FOR_DEMO
IGOT-0325,Data Engineering Pipelines – Foundation (Module 1),Technical Competencies,Data Engineering Pipelines,Foundation,4 hrs,"English, Hindi",Indian Institute of Public Administration (IIPA),Technical Competencies; Data Engineering Pipelines; Foundation; Module 1,https://igotkarmayogi.gov.in/#/explore?searchQuery=Data%20Engineering%20Pipelines,SYNTHETIC_SAMPLE_FOR_DEMO
IGOT-0326,Data Engineering Pipelines – Foundation (Module 2),Technical Competencies,Data Engineering Pipelines,Foundation,6 hrs,"English, Hindi, Regional",Ministry of Statistics and Programme Implementation (MoSPI),Technical Competencies; Data Engineering Pipelines; Foundation; Module 2,https://igotkarmayogi.gov.in/#/explore?searchQuery=Data%20Engineering%20Pipelines,SYNTHETIC_SAMPLE_FOR_DEMO
IGOT-0327,Data Engineering Pipelines – Intermediate (Module 1),Technical Competencies,Data Engineering Pipelines,Intermediate,8 hrs,English,National Informatics Centre (NIC),Technical Competencies; Data Engineering Pipelines; Intermediate; Module 1,https://igotkarmayogi.gov.in/#/explore?searchQuery=Data%20Engineering%20Pipelines,SYNTHETIC_SAMPLE_FOR_DEMO
IGOT-0328,Data Engineering Pipelines – Intermediate (Module 2),Technical Competencies,Data Engineering Pipelines,Intermediate,12 hrs,"English, Hindi",Capacity Building Commission (CBC),Technical Competencies; Data Engineering Pipelines; Intermediate; Module 2,https://igotkarmayogi.gov.in/#/explore?searchQuery=Data%20Engineering%20Pipelines,SYNTHETIC_SAMPLE_FOR_DEMO
IGOT-0329,Data Engineering Pipelines – Advanced (Module 1),Technical Competencies,Data Engineering Pipelines,Advanced,20 hrs,"English, Hindi, Regional",iGOT Karmayogi Central Content Team,Technical Competencies; Data Engineering Pipelines; Advanced; Module 1,https://igotkarmayogi.gov.in/#/explore?searchQuery=Data%20Engineering%20Pipelines,SYNTHETIC_SAMPLE_FOR_DEMO
IGOT-0330,Data Engineering Pipelines – Advanced (Module 2),Technical Competencies,Data Engineering Pipelines,Advanced,2 hrs,English,National Statistical Systems Training Academy (NSSTA),Technical Competencies; Data Engineering Pipelines; Advanced; Module 2,https://igotkarmayogi.gov.in/#/explore?searchQuery=Data%20Engineering%20Pipelines,SYNTHETIC_SAMPLE_FOR_DEMO
IGOT-0331,NLP for Government Text Data – Foundation (Module 1),Technical Competencies,NLP for Government Text Data,Foundation,4 hrs,"English, Hindi",Indian Institute of Public Administration (IIPA),Technical Competencies; NLP for Government Text Data; Foundation; Module 1,https://igotkarmayogi.gov.in/#/explore?searchQuery=NLP%20for%20Government%20Text%20Data,SYNTHETIC_SAMPLE_FOR_DEMO
IGOT-0332,NLP for Government Text Data – Foundation (Module 2),Technical Competencies,NLP for Government Text Data,Foundation,6 hrs,"English, Hindi, Regional",Ministry of Statistics and Programme Implementation (MoSPI),Technical Competencies; NLP for Government Text Data; Foundation; Module 2,https://igotkarmayogi.gov.in/#/explore?searchQuery=NLP%20for%20Government%20Text%20Data,SYNTHETIC_SAMPLE_FOR_DEMO
IGOT-0333,NLP for Government Text Data – Intermediate (Module 1),Technical Competencies,NLP for Government Text Data,Intermediate,8 hrs,English,National Informatics Centre (NIC),Technical Competencies; NLP for Government Text Data; Intermediate; Module 1,https://igotkarmayogi.gov.in/#/explore?searchQuery=NLP%20for%20Government%20Text%20Data,SYNTHETIC_SAMPLE_FOR_DEMO
IGOT-0334,NLP for Government Text Data – Intermediate (Module 2),Technical Competencies,NLP for Government Text Data,Intermediate,12 hrs,"English, Hindi",Capacity Building Commission (CBC),Technical Competencies; NLP for Government Text Data; Intermediate; Module 2,https://igotkarmayogi.gov.in/#/explore?searchQuery=NLP%20for%20Government%20Text%20Data,SYNTHETIC_SAMPLE_FOR_DEMO
IGOT-0335,NLP for Government Text Data – Advanced (Module 1),Technical Competencies,NLP for Government Text Data,Advanced,20 hrs,"English, Hindi, Regional",iGOT Karmayogi Central Content Team,Technical Competencies; NLP for Government Text Data; Advanced; Module 1,https://igotkarmayogi.gov.in/#/explore?searchQuery=NLP%20for%20Government%20Text%20Data,SYNTHETIC_SAMPLE_FOR_DEMO
IGOT-0336,NLP for Government Text Data – Advanced (Module 2),Technical Competencies,NLP for Government Text Data,Advanced,2 hrs,English,National Statistical Systems Training Academy (NSSTA),Technical Competencies; NLP for Government Text Data; Advanced; Module 2,https://igotkarmayogi.gov.in/#/explore?searchQuery=NLP%20for%20Government%20Text%20Data,SYNTHETIC_SAMPLE_FOR_DEMO
IGOT-0337,Cybersecurity Fundamentals – Foundation (Module 1),Digital Governance,Cybersecurity Fundamentals,Foundation,4 hrs,"English, Hindi",Indian Institute of Public Administration (IIPA),Digital Governance; Cybersecurity Fundamentals; Foundation; Module 1,https://igotkarmayogi.gov.in/#/explore?searchQuery=Cybersecurity%20Fundamentals,SYNTHETIC_SAMPLE_FOR_DEMO
IGOT-0338,Cybersecurity Fundamentals – Foundation (Module 2),Digital Governance,Cybersecurity Fundamentals,Foundation,6 hrs,"English, Hindi, Regional",Ministry of Statistics and Programme Implementation (MoSPI),Digital Governance; Cybersecurity Fundamentals; Foundation; Module 2,https://igotkarmayogi.gov.in/#/explore?searchQuery=Cybersecurity%20Fundamentals,SYNTHETIC_SAMPLE_FOR_DEMO
IGOT-0339,Cybersecurity Fundamentals – Intermediate (Module 1),Digital Governance,Cybersecurity Fundamentals,Intermediate,8 hrs,English,National Informatics Centre (NIC),Digital Governance; Cybersecurity Fundamentals; Intermediate; Module 1,https://igotkarmayogi.gov.in/#/explore?searchQuery=Cybersecurity%20Fundamentals,SYNTHETIC_SAMPLE_FOR_DEMO
IGOT-0340,Cybersecurity Fundamentals – Intermediate (Module 2),Digital Governance,Cybersecurity Fundamentals,Intermediate,12 hrs,"English, Hindi",Capacity Building Commission (CBC),Digital Governance; Cybersecurity Fundamentals; Intermediate; Module 2,https://igotkarmayogi.gov.in/#/explore?searchQuery=Cybersecurity%20Fundamentals,SYNTHETIC_SAMPLE_FOR_DEMO
IGOT-0341,Cybersecurity Fundamentals – Advanced (Module 1),Digital Governance,Cybersecurity Fundamentals,Advanced,20 hrs,"English, Hindi, Regional",iGOT Karmayogi Central Content Team,Digital Governance; Cybersecurity Fundamentals; Advanced; Module 1,https://igotkarmayogi.gov.in/#/explore?searchQuery=Cybersecurity%20Fundamentals,SYNTHETIC_SAMPLE_FOR_DEMO
IGOT-0342,Cybersecurity Fundamentals – Advanced (Module 2),Digital Governance,Cybersecurity Fundamentals,Advanced,2 hrs,English,National Statistical Systems Training Academy (NSSTA),Digital Governance; Cybersecurity Fundamentals; Advanced; Module 2,https://igotkarmayogi.gov.in/#/explore?searchQuery=Cybersecurity%20Fundamentals,SYNTHETIC_SAMPLE_FOR_DEMO
IGOT-0343,Data Privacy & Protection – Foundation (Module 1),Digital Governance,Data Privacy & Protection,Foundation,4 hrs,"English, Hindi",Indian Institute of Public Administration (IIPA),Digital Governance; Data Privacy & Protection; Foundation; Module 1,https://igotkarmayogi.gov.in/#/explore?searchQuery=Data%20Privacy%20%26%20Protection,SYNTHETIC_SAMPLE_FOR_DEMO
IGOT-0344,Data Privacy & Protection – Foundation (Module 2),Digital Governance,Data Privacy & Protection,Foundation,6 hrs,"English, Hindi, Regional",Ministry of Statistics and Programme Implementation (MoSPI),Digital Governance; Data Privacy & Protection; Foundation; Module 2,https://igotkarmayogi.gov.in/#/explore?searchQuery=Data%20Privacy%20%26%20Protection,SYNTHETIC_SAMPLE_FOR_DEMO
IGOT-0345,Data Privacy & Protection – Intermediate (Module 1),Digital Governance,Data Privacy & Protection,Intermediate,8 hrs,English,National Informatics Centre (NIC),Digital Governance; Data Privacy & Protection; Intermediate; Module 1,https://igotkarmayogi.gov.in/#/explore?searchQuery=Data%20Privacy%20%26%20Protection,SYNTHETIC_SAMPLE_FOR_DEMO
IGOT-0346,Data Privacy & Protection – Intermediate (Module 2),Digital Governance,Data Privacy & Protection,Intermediate,12 hrs,"English, Hindi",Capacity Building Commission (CBC),Digital Governance; Data Privacy & Protection; Intermediate; Module 2,https://igotkarmayogi.gov.in/#/explore?searchQuery=Data%20Privacy%20%26%20Protection,SYNTHETIC_SAMPLE_FOR_DEMO
IGOT-0347,Data Privacy & Protection – Advanced (Module 1),Digital Governance,Data Privacy & Protection,Advanced,20 hrs,"English, Hindi, Regional",iGOT Karmayogi Central Content Team,Digital Governance; Data Privacy & Protection; Advanced; Module 1,https://igotkarmayogi.gov.in/#/explore?searchQuery=Data%20Privacy%20%26%20Protection,SYNTHETIC_SAMPLE_FOR_DEMO
IGOT-0348,Data Privacy & Protection – Advanced (Module 2),Digital Governance,Data Privacy & Protection,Advanced,2 hrs,English,National Statistical Systems Training Academy (NSSTA),Digital Governance; Data Privacy & Protection; Advanced; Module 2,https://igotkarmayogi.gov.in/#/explore?searchQuery=Data%20Privacy%20%26%20Protection,SYNTHETIC_SAMPLE_FOR_DEMO
IGOT-0349,Digital Signature Certification – Foundation (Module 1),Digital Governance,Digital Signature Certification,Foundation,4 hrs,"English, Hindi",Indian Institute of Public Administration (IIPA),Digital Governance; Digital Signature Certification; Foundation; Module 1,https://igotkarmayogi.gov.in/#/explore?searchQuery=Digital%20Signature%20Certification,SYNTHETIC_SAMPLE_FOR_DEMO
IGOT-0350,Digital Signature Certification – Foundation (Module 2),Digital Governance,Digital Signature Certification,Foundation,6 hrs,"English, Hindi, Regional",Ministry of Statistics and Programme Implementation (MoSPI),Digital Governance; Digital Signature Certification; Foundation; Module 2,https://igotkarmayogi.gov.in/#/explore?searchQuery=Digital%20Signature%20Certification,SYNTHETIC_SAMPLE_FOR_DEMO
IGOT-0351,Digital Signature Certification – Intermediate (Module 1),Digital Governance,Digital Signature Certification,Intermediate,8 hrs,English,National Informatics Centre (NIC),Digital Governance; Digital Signature Certification; Intermediate; Module 1,https://igotkarmayogi.gov.in/#/explore?searchQuery=Digital%20Signature%20Certification,SYNTHETIC_SAMPLE_FOR_DEMO
IGOT-0352,Digital Signature Certification – Intermediate (Module 2),Digital Governance,Digital Signature Certification,Intermediate,12 hrs,"English, Hindi",Capacity Building Commission (CBC),Digital Governance; Digital Signature Certification; Intermediate; Module 2,https://igotkarmayogi.gov.in/#/explore?searchQuery=Digital%20Signature%20Certification,SYNTHETIC_SAMPLE_FOR_DEMO
IGOT-0353,Digital Signature Certification – Advanced (Module 1),Digital Governance,Digital Signature Certification,Advanced,20 hrs,"English, Hindi, Regional",iGOT Karmayogi Central Content Team,Digital Governance; Digital Signature Certification; Advanced; Module 1,https://igotkarmayogi.gov.in/#/explore?searchQuery=Digital%20Signature%20Certification,SYNTHETIC_SAMPLE_FOR_DEMO
IGOT-0354,Digital Signature Certification – Advanced (Module 2),Digital Governance,Digital Signature Certification,Advanced,2 hrs,English,National Statistical Systems Training Academy (NSSTA),Digital Governance; Digital Signature Certification; Advanced; Module 2,https://igotkarmayogi.gov.in/#/explore?searchQuery=Digital%20Signature%20Certification,SYNTHETIC_SAMPLE_FOR_DEMO
IGOT-0355,Government Cloud (GI Cloud/Meghraj) – Foundation (Module 1),Digital Governance,Government Cloud (GI Cloud/Meghraj),Foundation,4 hrs,"English, Hindi",Indian Institute of Public Administration (IIPA),Digital Governance; Government Cloud (GI Cloud/Meghraj); Foundation; Module 1,https://igotkarmayogi.gov.in/#/explore?searchQuery=Government%20Cloud%20%28GI%20Cloud/Meghraj%29,SYNTHETIC_SAMPLE_FOR_DEMO
IGOT-0356,Government Cloud (GI Cloud/Meghraj) – Foundation (Module 2),Digital Governance,Government Cloud (GI Cloud/Meghraj),Foundation,6 hrs,"English, Hindi, Regional",Ministry of Statistics and Programme Implementation (MoSPI),Digital Governance; Government Cloud (GI Cloud/Meghraj); Foundation; Module 2,https://igotkarmayogi.gov.in/#/explore?searchQuery=Government%20Cloud%20%28GI%20Cloud/Meghraj%29,SYNTHETIC_SAMPLE_FOR_DEMO
IGOT-0357,Government Cloud (GI Cloud/Meghraj) – Intermediate (Module 1),Digital Governance,Government Cloud (GI Cloud/Meghraj),Intermediate,8 hrs,English,National Informatics Centre (NIC),Digital Governance; Government Cloud (GI Cloud/Meghraj); Intermediate; Module 1,https://igotkarmayogi.gov.in/#/explore?searchQuery=Government%20Cloud%20%28GI%20Cloud/Meghraj%29,SYNTHETIC_SAMPLE_FOR_DEMO
IGOT-0358,Government Cloud (GI Cloud/Meghraj) – Intermediate (Module 2),Digital Governance,Government Cloud (GI Cloud/Meghraj),Intermediate,12 hrs,"English, Hindi",Capacity Building Commission (CBC),Digital Governance; Government Cloud (GI Cloud/Meghraj); Intermediate; Module 2,https://igotkarmayogi.gov.in/#/explore?searchQuery=Government%20Cloud%20%28GI%20Cloud/Meghraj%29,SYNTHETIC_SAMPLE_FOR_DEMO
IGOT-0359,Government Cloud (GI Cloud/Meghraj) – Advanced (Module 1),Digital Governance,Government Cloud (GI Cloud/Meghraj),Advanced,20 hrs,"English, Hindi, Regional",iGOT Karmayogi Central Content Team,Digital Governance; Government Cloud (GI Cloud/Meghraj); Advanced; Module 1,https://igotkarmayogi.gov.in/#/explore?searchQuery=Government%20Cloud%20%28GI%20Cloud/Meghraj%29,SYNTHETIC_SAMPLE_FOR_DEMO
IGOT-0360,Government Cloud (GI Cloud/Meghraj) – Advanced (Module 2),Digital Governance,Government Cloud (GI Cloud/Meghraj),Advanced,2 hrs,English,National Statistical Systems Training Academy (NSSTA),Digital Governance; Government Cloud (GI Cloud/Meghraj); Advanced; Module 2,https://igotkarmayogi.gov.in/#/explore?searchQuery=Government%20Cloud%20%28GI%20Cloud/Meghraj%29,SYNTHETIC_SAMPLE_FOR_DEMO
IGOT-0361,Digital Public Infrastructure (DPI) – Foundation (Module 1),Digital Governance,Digital Public Infrastructure (DPI),Foundation,4 hrs,"English, Hindi",Indian Institute of Public Administration (IIPA),Digital Governance; Digital Public Infrastructure (DPI); Foundation; Module 1,https://igotkarmayogi.gov.in/#/explore?searchQuery=Digital%20Public%20Infrastructure%20%28DPI%29,SYNTHETIC_SAMPLE_FOR_DEMO
IGOT-0362,Digital Public Infrastructure (DPI) – Foundation (Module 2),Digital Governance,Digital Public Infrastructure (DPI),Foundation,6 hrs,"English, Hindi, Regional",Ministry of Statistics and Programme Implementation (MoSPI),Digital Governance; Digital Public Infrastructure (DPI); Foundation; Module 2,https://igotkarmayogi.gov.in/#/explore?searchQuery=Digital%20Public%20Infrastructure%20%28DPI%29,SYNTHETIC_SAMPLE_FOR_DEMO
IGOT-0363,Digital Public Infrastructure (DPI) – Intermediate (Module 1),Digital Governance,Digital Public Infrastructure (DPI),Intermediate,8 hrs,English,National Informatics Centre (NIC),Digital Governance; Digital Public Infrastructure (DPI); Intermediate; Module 1,https://igotkarmayogi.gov.in/#/explore?searchQuery=Digital%20Public%20Infrastructure%20%28DPI%29,SYNTHETIC_SAMPLE_FOR_DEMO
IGOT-0364,Digital Public Infrastructure (DPI) – Intermediate (Module 2),Digital Governance,Digital Public Infrastructure (DPI),Intermediate,12 hrs,"English, Hindi",Capacity Building Commission (CBC),Digital Governance; Digital Public Infrastructure (DPI); Intermediate; Module 2,https://igotkarmayogi.gov.in/#/explore?searchQuery=Digital%20Public%20Infrastructure%20%28DPI%29,SYNTHETIC_SAMPLE_FOR_DEMO
IGOT-0365,Digital Public Infrastructure (DPI) – Advanced (Module 1),Digital Governance,Digital Public Infrastructure (DPI),Advanced,20 hrs,"English, Hindi, Regional",iGOT Karmayogi Central Content Team,Digital Governance; Digital Public Infrastructure (DPI); Advanced; Module 1,https://igotkarmayogi.gov.in/#/explore?searchQuery=Digital%20Public%20Infrastructure%20%28DPI%29,SYNTHETIC_SAMPLE_FOR_DEMO
IGOT-0366,Digital Public Infrastructure (DPI) – Advanced (Module 2),Digital Governance,Digital Public Infrastructure (DPI),Advanced,2 hrs,English,National Statistical Systems Training Academy (NSSTA),Digital Governance; Digital Public Infrastructure (DPI); Advanced; Module 2,https://igotkarmayogi.gov.in/#/explore?searchQuery=Digital%20Public%20Infrastructure%20%28DPI%29,SYNTHETIC_SAMPLE_FOR_DEMO
IGOT-0367,e-Governance Frameworks – Foundation (Module 1),Digital Governance,e-Governance Frameworks,Foundation,4 hrs,"English, Hindi",Indian Institute of Public Administration (IIPA),Digital Governance; e-Governance Frameworks; Foundation; Module 1,https://igotkarmayogi.gov.in/#/explore?searchQuery=e-Governance%20Frameworks,SYNTHETIC_SAMPLE_FOR_DEMO
IGOT-0368,e-Governance Frameworks – Foundation (Module 2),Digital Governance,e-Governance Frameworks,Foundation,6 hrs,"English, Hindi, Regional",Ministry of Statistics and Programme Implementation (MoSPI),Digital Governance; e-Governance Frameworks; Foundation; Module 2,https://igotkarmayogi.gov.in/#/explore?searchQuery=e-Governance%20Frameworks,SYNTHETIC_SAMPLE_FOR_DEMO
IGOT-0369,e-Governance Frameworks – Intermediate (Module 1),Digital Governance,e-Governance Frameworks,Intermediate,8 hrs,English,National Informatics Centre (NIC),Digital Governance; e-Governance Frameworks; Intermediate; Module 1,https://igotkarmayogi.gov.in/#/explore?searchQuery=e-Governance%20Frameworks,SYNTHETIC_SAMPLE_FOR_DEMO
IGOT-0370,e-Governance Frameworks – Intermediate (Module 2),Digital Governance,e-Governance Frameworks,Intermediate,12 hrs,"English, Hindi",Capacity Building Commission (CBC),Digital Governance; e-Governance Frameworks; Intermediate; Module 2,https://igotkarmayogi.gov.in/#/explore?searchQuery=e-Governance%20Frameworks,SYNTHETIC_SAMPLE_FOR_DEMO
IGOT-0371,e-Governance Frameworks – Advanced (Module 1),Digital Governance,e-Governance Frameworks,Advanced,20 hrs,"English, Hindi, Regional",iGOT Karmayogi Central Content Team,Digital Governance; e-Governance Frameworks; Advanced; Module 1,https://igotkarmayogi.gov.in/#/explore?searchQuery=e-Governance%20Frameworks,SYNTHETIC_SAMPLE_FOR_DEMO
IGOT-0372,e-Governance Frameworks – Advanced (Module 2),Digital Governance,e-Governance Frameworks,Advanced,2 hrs,English,National Statistical Systems Training Academy (NSSTA),Digital Governance; e-Governance Frameworks; Advanced; Module 2,https://igotkarmayogi.gov.in/#/explore?searchQuery=e-Governance%20Frameworks,SYNTHETIC_SAMPLE_FOR_DEMO
IGOT-0373,IT Act & Compliance – Foundation (Module 1),Digital Governance,IT Act & Compliance,Foundation,4 hrs,"English, Hindi",Indian Institute of Public Administration (IIPA),Digital Governance; IT Act & Compliance; Foundation; Module 1,https://igotkarmayogi.gov.in/#/explore?searchQuery=IT%20Act%20%26%20Compliance,SYNTHETIC_SAMPLE_FOR_DEMO
IGOT-0374,IT Act & Compliance – Foundation (Module 2),Digital Governance,IT Act & Compliance,Foundation,6 hrs,"English, Hindi, Regional",Ministry of Statistics and Programme Implementation (MoSPI),Digital Governance; IT Act & Compliance; Foundation; Module 2,https://igotkarmayogi.gov.in/#/explore?searchQuery=IT%20Act%20%26%20Compliance,SYNTHETIC_SAMPLE_FOR_DEMO
IGOT-0375,IT Act & Compliance – Intermediate (Module 1),Digital Governance,IT Act & Compliance,Intermediate,8 hrs,English,National Informatics Centre (NIC),Digital Governance; IT Act & Compliance; Intermediate; Module 1,https://igotkarmayogi.gov.in/#/explore?searchQuery=IT%20Act%20%26%20Compliance,SYNTHETIC_SAMPLE_FOR_DEMO
IGOT-0376,IT Act & Compliance – Intermediate (Module 2),Digital Governance,IT Act & Compliance,Intermediate,12 hrs,"English, Hindi",Capacity Building Commission (CBC),Digital Governance; IT Act & Compliance; Intermediate; Module 2,https://igotkarmayogi.gov.in/#/explore?searchQuery=IT%20Act%20%26%20Compliance,SYNTHETIC_SAMPLE_FOR_DEMO
IGOT-0377,IT Act & Compliance – Advanced (Module 1),Digital Governance,IT Act & Compliance,Advanced,20 hrs,"English, Hindi, Regional",iGOT Karmayogi Central Content Team,Digital Governance; IT Act & Compliance; Advanced; Module 1,https://igotkarmayogi.gov.in/#/explore?searchQuery=IT%20Act%20%26%20Compliance,SYNTHETIC_SAMPLE_FOR_DEMO
IGOT-0378,IT Act & Compliance – Advanced (Module 2),Digital Governance,IT Act & Compliance,Advanced,2 hrs,English,National Statistical Systems Training Academy (NSSTA),Digital Governance; IT Act & Compliance; Advanced; Module 2,https://igotkarmayogi.gov.in/#/explore?searchQuery=IT%20Act%20%26%20Compliance,SYNTHETIC_SAMPLE_FOR_DEMO
IGOT-0379,Secure Data Exchange Protocols – Foundation (Module 1),Digital Governance,Secure Data Exchange Protocols,Foundation,4 hrs,"English, Hindi",Indian Institute of Public Administration (IIPA),Digital Governance; Secure Data Exchange Protocols; Foundation; Module 1,https://igotkarmayogi.gov.in/#/explore?searchQuery=Secure%20Data%20Exchange%20Protocols,SYNTHETIC_SAMPLE_FOR_DEMO
IGOT-0380,Secure Data Exchange Protocols – Foundation (Module 2),Digital Governance,Secure Data Exchange Protocols,Foundation,6 hrs,"English, Hindi, Regional",Ministry of Statistics and Programme Implementation (MoSPI),Digital Governance; Secure Data Exchange Protocols; Foundation; Module 2,https://igotkarmayogi.gov.in/#/explore?searchQuery=Secure%20Data%20Exchange%20Protocols,SYNTHETIC_SAMPLE_FOR_DEMO
IGOT-0381,Secure Data Exchange Protocols – Intermediate (Module 1),Digital Governance,Secure Data Exchange Protocols,Intermediate,8 hrs,English,National Informatics Centre (NIC),Digital Governance; Secure Data Exchange Protocols; Intermediate; Module 1,https://igotkarmayogi.gov.in/#/explore?searchQuery=Secure%20Data%20Exchange%20Protocols,SYNTHETIC_SAMPLE_FOR_DEMO
IGOT-0382,Secure Data Exchange Protocols – Intermediate (Module 2),Digital Governance,Secure Data Exchange Protocols,Intermediate,12 hrs,"English, Hindi",Capacity Building Commission (CBC),Digital Governance; Secure Data Exchange Protocols; Intermediate; Module 2,https://igotkarmayogi.gov.in/#/explore?searchQuery=Secure%20Data%20Exchange%20Protocols,SYNTHETIC_SAMPLE_FOR_DEMO
IGOT-0383,Secure Data Exchange Protocols – Advanced (Module 1),Digital Governance,Secure Data Exchange Protocols,Advanced,20 hrs,"English, Hindi, Regional",iGOT Karmayogi Central Content Team,Digital Governance; Secure Data Exchange Protocols; Advanced; Module 1,https://igotkarmayogi.gov.in/#/explore?searchQuery=Secure%20Data%20Exchange%20Protocols,SYNTHETIC_SAMPLE_FOR_DEMO
IGOT-0384,Secure Data Exchange Protocols – Advanced (Module 2),Digital Governance,Secure Data Exchange Protocols,Advanced,2 hrs,English,National Statistical Systems Training Academy (NSSTA),Digital Governance; Secure Data Exchange Protocols; Advanced; Module 2,https://igotkarmayogi.gov.in/#/explore?searchQuery=Secure%20Data%20Exchange%20Protocols,SYNTHETIC_SAMPLE_FOR_DEMO
IGOT-0385,Aadhaar-enabled Service Delivery – Foundation (Module 1),Digital Governance,Aadhaar-enabled Service Delivery,Foundation,4 hrs,"English, Hindi",Indian Institute of Public Administration (IIPA),Digital Governance; Aadhaar-enabled Service Delivery; Foundation; Module 1,https://igotkarmayogi.gov.in/#/explore?searchQuery=Aadhaar-enabled%20Service%20Delivery,SYNTHETIC_SAMPLE_FOR_DEMO
IGOT-0386,Aadhaar-enabled Service Delivery – Foundation (Module 2),Digital Governance,Aadhaar-enabled Service Delivery,Foundation,6 hrs,"English, Hindi, Regional",Ministry of Statistics and Programme Implementation (MoSPI),Digital Governance; Aadhaar-enabled Service Delivery; Foundation; Module 2,https://igotkarmayogi.gov.in/#/explore?searchQuery=Aadhaar-enabled%20Service%20Delivery,SYNTHETIC_SAMPLE_FOR_DEMO
IGOT-0387,Aadhaar-enabled Service Delivery – Intermediate (Module 1),Digital Governance,Aadhaar-enabled Service Delivery,Intermediate,8 hrs,English,National Informatics Centre (NIC),Digital Governance; Aadhaar-enabled Service Delivery; Intermediate; Module 1,https://igotkarmayogi.gov.in/#/explore?searchQuery=Aadhaar-enabled%20Service%20Delivery,SYNTHETIC_SAMPLE_FOR_DEMO
IGOT-0388,Aadhaar-enabled Service Delivery – Intermediate (Module 2),Digital Governance,Aadhaar-enabled Service Delivery,Intermediate,12 hrs,"English, Hindi",Capacity Building Commission (CBC),Digital Governance; Aadhaar-enabled Service Delivery; Intermediate; Module 2,https://igotkarmayogi.gov.in/#/explore?searchQuery=Aadhaar-enabled%20Service%20Delivery,SYNTHETIC_SAMPLE_FOR_DEMO
IGOT-0389,Aadhaar-enabled Service Delivery – Advanced (Module 1),Digital Governance,Aadhaar-enabled Service Delivery,Advanced,20 hrs,"English, Hindi, Regional",iGOT Karmayogi Central Content Team,Digital Governance; Aadhaar-enabled Service Delivery; Advanced; Module 1,https://igotkarmayogi.gov.in/#/explore?searchQuery=Aadhaar-enabled%20Service%20Delivery,SYNTHETIC_SAMPLE_FOR_DEMO
IGOT-0390,Aadhaar-enabled Service Delivery – Advanced (Module 2),Digital Governance,Aadhaar-enabled Service Delivery,Advanced,2 hrs,English,National Statistical Systems Training Academy (NSSTA),Digital Governance; Aadhaar-enabled Service Delivery; Advanced; Module 2,https://igotkarmayogi.gov.in/#/explore?searchQuery=Aadhaar-enabled%20Service%20Delivery,SYNTHETIC_SAMPLE_FOR_DEMO
IGOT-0391,Cyber Hygiene at Workplace – Foundation (Module 1),Digital Governance,Cyber Hygiene at Workplace,Foundation,4 hrs,"English, Hindi",Indian Institute of Public Administration (IIPA),Digital Governance; Cyber Hygiene at Workplace; Foundation; Module 1,https://igotkarmayogi.gov.in/#/explore?searchQuery=Cyber%20Hygiene%20at%20Workplace,SYNTHETIC_SAMPLE_FOR_DEMO
IGOT-0392,Cyber Hygiene at Workplace – Foundation (Module 2),Digital Governance,Cyber Hygiene at Workplace,Foundation,6 hrs,"English, Hindi, Regional",Ministry of Statistics and Programme Implementation (MoSPI),Digital Governance; Cyber Hygiene at Workplace; Foundation; Module 2,https://igotkarmayogi.gov.in/#/explore?searchQuery=Cyber%20Hygiene%20at%20Workplace,SYNTHETIC_SAMPLE_FOR_DEMO
IGOT-0393,Cyber Hygiene at Workplace – Intermediate (Module 1),Digital Governance,Cyber Hygiene at Workplace,Intermediate,8 hrs,English,National Informatics Centre (NIC),Digital Governance; Cyber Hygiene at Workplace; Intermediate; Module 1,https://igotkarmayogi.gov.in/#/explore?searchQuery=Cyber%20Hygiene%20at%20Workplace,SYNTHETIC_SAMPLE_FOR_DEMO
IGOT-0394,Cyber Hygiene at Workplace – Intermediate (Module 2),Digital Governance,Cyber Hygiene at Workplace,Intermediate,12 hrs,"English, Hindi",Capacity Building Commission (CBC),Digital Governance; Cyber Hygiene at Workplace; Intermediate; Module 2,https://igotkarmayogi.gov.in/#/explore?searchQuery=Cyber%20Hygiene%20at%20Workplace,SYNTHETIC_SAMPLE_FOR_DEMO
IGOT-0395,Cyber Hygiene at Workplace – Advanced (Module 1),Digital Governance,Cyber Hygiene at Workplace,Advanced,20 hrs,"English, Hindi, Regional",iGOT Karmayogi Central Content Team,Digital Governance; Cyber Hygiene at Workplace; Advanced; Module 1,https://igotkarmayogi.gov.in/#/explore?searchQuery=Cyber%20Hygiene%20at%20Workplace,SYNTHETIC_SAMPLE_FOR_DEMO
IGOT-0396,Cyber Hygiene at Workplace – Advanced (Module 2),Digital Governance,Cyber Hygiene at Workplace,Advanced,2 hrs,English,National Statistical Systems Training Academy (NSSTA),Digital Governance; Cyber Hygiene at Workplace; Advanced; Module 2,https://igotkarmayogi.gov.in/#/explore?searchQuery=Cyber%20Hygiene%20at%20Workplace,SYNTHETIC_SAMPLE_FOR_DEMO
IGOT-0397,Leadership in Public Service – Foundation (Module 1),Behavioural & Managerial Competencies,Leadership in Public Service,Foundation,4 hrs,"English, Hindi",Indian Institute of Public Administration (IIPA),Behavioural & Managerial Competencies; Leadership in Public Service; Foundation; Module 1,https://igotkarmayogi.gov.in/#/explore?searchQuery=Leadership%20in%20Public%20Service,SYNTHETIC_SAMPLE_FOR_DEMO
IGOT-0398,Leadership in Public Service – Foundation (Module 2),Behavioural & Managerial Competencies,Leadership in Public Service,Foundation,6 hrs,"English, Hindi, Regional",Ministry of Statistics and Programme Implementation (MoSPI),Behavioural & Managerial Competencies; Leadership in Public Service; Foundation; Module 2,https://igotkarmayogi.gov.in/#/explore?searchQuery=Leadership%20in%20Public%20Service,SYNTHETIC_SAMPLE_FOR_DEMO
IGOT-0399,Leadership in Public Service – Intermediate (Module 1),Behavioural & Managerial Competencies,Leadership in Public Service,Intermediate,8 hrs,English,National Informatics Centre (NIC),Behavioural & Managerial Competencies; Leadership in Public Service; Intermediate; Module 1,https://igotkarmayogi.gov.in/#/explore?searchQuery=Leadership%20in%20Public%20Service,SYNTHETIC_SAMPLE_FOR_DEMO
IGOT-0400,Leadership in Public Service – Intermediate (Module 2),Behavioural & Managerial Competencies,Leadership in Public Service,Intermediate,12 hrs,"English, Hindi",Capacity Building Commission (CBC),Behavioural & Managerial Competencies; Leadership in Public Service; Intermediate; Module 2,https://igotkarmayogi.gov.in/#/explore?searchQuery=Leadership%20in%20Public%20Service,SYNTHETIC_SAMPLE_FOR_DEMO
IGOT-0401,Leadership in Public Service – Advanced (Module 1),Behavioural & Managerial Competencies,Leadership in Public Service,Advanced,20 hrs,"English, Hindi, Regional",iGOT Karmayogi Central Content Team,Behavioural & Managerial Competencies; Leadership in Public Service; Advanced; Module 1,https://igotkarmayogi.gov.in/#/explore?searchQuery=Leadership%20in%20Public%20Service,SYNTHETIC_SAMPLE_FOR_DEMO
IGOT-0402,Leadership in Public Service – Advanced (Module 2),Behavioural & Managerial Competencies,Leadership in Public Service,Advanced,2 hrs,English,National Statistical Systems Training Academy (NSSTA),Behavioural & Managerial Competencies; Leadership in Public Service; Advanced; Module 2,https://igotkarmayogi.gov.in/#/explore?searchQuery=Leadership%20in%20Public%20Service,SYNTHETIC_SAMPLE_FOR_DEMO
IGOT-0403,Effective Communication – Foundation (Module 1),Behavioural & Managerial Competencies,Effective Communication,Foundation,4 hrs,"English, Hindi",Indian Institute of Public Administration (IIPA),Behavioural & Managerial Competencies; Effective Communication; Foundation; Module 1,https://igotkarmayogi.gov.in/#/explore?searchQuery=Effective%20Communication,SYNTHETIC_SAMPLE_FOR_DEMO
IGOT-0404,Effective Communication – Foundation (Module 2),Behavioural & Managerial Competencies,Effective Communication,Foundation,6 hrs,"English, Hindi, Regional",Ministry of Statistics and Programme Implementation (MoSPI),Behavioural & Managerial Competencies; Effective Communication; Foundation; Module 2,https://igotkarmayogi.gov.in/#/explore?searchQuery=Effective%20Communication,SYNTHETIC_SAMPLE_FOR_DEMO
IGOT-0405,Effective Communication – Intermediate (Module 1),Behavioural & Managerial Competencies,Effective Communication,Intermediate,8 hrs,English,National Informatics Centre (NIC),Behavioural & Managerial Competencies; Effective Communication; Intermediate; Module 1,https://igotkarmayogi.gov.in/#/explore?searchQuery=Effective%20Communication,SYNTHETIC_SAMPLE_FOR_DEMO
IGOT-0406,Effective Communication – Intermediate (Module 2),Behavioural & Managerial Competencies,Effective Communication,Intermediate,12 hrs,"English, Hindi",Capacity Building Commission (CBC),Behavioural & Managerial Competencies; Effective Communication; Intermediate; Module 2,https://igotkarmayogi.gov.in/#/explore?searchQuery=Effective%20Communication,SYNTHETIC_SAMPLE_FOR_DEMO
IGOT-0407,Effective Communication – Advanced (Module 1),Behavioural & Managerial Competencies,Effective Communication,Advanced,20 hrs,"English, Hindi, Regional",iGOT Karmayogi Central Content Team,Behavioural & Managerial Competencies; Effective Communication; Advanced; Module 1,https://igotkarmayogi.gov.in/#/explore?searchQuery=Effective%20Communication,SYNTHETIC_SAMPLE_FOR_DEMO
IGOT-0408,Effective Communication – Advanced (Module 2),Behavioural & Managerial Competencies,Effective Communication,Advanced,2 hrs,English,National Statistical Systems Training Academy (NSSTA),Behavioural & Managerial Competencies; Effective Communication; Advanced; Module 2,https://igotkarmayogi.gov.in/#/explore?searchQuery=Effective%20Communication,SYNTHETIC_SAMPLE_FOR_DEMO
IGOT-0409,Project Management for Govt Officials – Foundation (Module 1),Behavioural & Managerial Competencies,Project Management for Govt Officials,Foundation,4 hrs,"English, Hindi",Indian Institute of Public Administration (IIPA),Behavioural & Managerial Competencies; Project Management for Govt Officials; Foundation; Module 1,https://igotkarmayogi.gov.in/#/explore?searchQuery=Project%20Management%20for%20Govt%20Officials,SYNTHETIC_SAMPLE_FOR_DEMO
IGOT-0410,Project Management for Govt Officials – Foundation (Module 2),Behavioural & Managerial Competencies,Project Management for Govt Officials,Foundation,6 hrs,"English, Hindi, Regional",Ministry of Statistics and Programme Implementation (MoSPI),Behavioural & Managerial Competencies; Project Management for Govt Officials; Foundation; Module 2,https://igotkarmayogi.gov.in/#/explore?searchQuery=Project%20Management%20for%20Govt%20Officials,SYNTHETIC_SAMPLE_FOR_DEMO
IGOT-0411,Project Management for Govt Officials – Intermediate (Module 1),Behavioural & Managerial Competencies,Project Management for Govt Officials,Intermediate,8 hrs,English,National Informatics Centre (NIC),Behavioural & Managerial Competencies; Project Management for Govt Officials; Intermediate; Module 1,https://igotkarmayogi.gov.in/#/explore?searchQuery=Project%20Management%20for%20Govt%20Officials,SYNTHETIC_SAMPLE_FOR_DEMO
IGOT-0412,Project Management for Govt Officials – Intermediate (Module 2),Behavioural & Managerial Competencies,Project Management for Govt Officials,Intermediate,12 hrs,"English, Hindi",Capacity Building Commission (CBC),Behavioural & Managerial Competencies; Project Management for Govt Officials; Intermediate; Module 2,https://igotkarmayogi.gov.in/#/explore?searchQuery=Project%20Management%20for%20Govt%20Officials,SYNTHETIC_SAMPLE_FOR_DEMO
IGOT-0413,Project Management for Govt Officials – Advanced (Module 1),Behavioural & Managerial Competencies,Project Management for Govt Officials,Advanced,20 hrs,"English, Hindi, Regional",iGOT Karmayogi Central Content Team,Behavioural & Managerial Competencies; Project Management for Govt Officials; Advanced; Module 1,https://igotkarmayogi.gov.in/#/explore?searchQuery=Project%20Management%20for%20Govt%20Officials,SYNTHETIC_SAMPLE_FOR_DEMO
IGOT-0414,Project Management for Govt Officials – Advanced (Module 2),Behavioural & Managerial Competencies,Project Management for Govt Officials,Advanced,2 hrs,English,National Statistical Systems Training Academy (NSSTA),Behavioural & Managerial Competencies; Project Management for Govt Officials; Advanced; Module 2,https://igotkarmayogi.gov.in/#/explore?searchQuery=Project%20Management%20for%20Govt%20Officials,SYNTHETIC_SAMPLE_FOR_DEMO
IGOT-0415,Ethics in Public Administration – Foundation (Module 1),Behavioural & Managerial Competencies,Ethics in Public Administration,Foundation,4 hrs,"English, Hindi",Indian Institute of Public Administration (IIPA),Behavioural & Managerial Competencies; Ethics in Public Administration; Foundation; Module 1,https://igotkarmayogi.gov.in/#/explore?searchQuery=Ethics%20in%20Public%20Administration,SYNTHETIC_SAMPLE_FOR_DEMO
IGOT-0416,Ethics in Public Administration – Foundation (Module 2),Behavioural & Managerial Competencies,Ethics in Public Administration,Foundation,6 hrs,"English, Hindi, Regional",Ministry of Statistics and Programme Implementation (MoSPI),Behavioural & Managerial Competencies; Ethics in Public Administration; Foundation; Module 2,https://igotkarmayogi.gov.in/#/explore?searchQuery=Ethics%20in%20Public%20Administration,SYNTHETIC_SAMPLE_FOR_DEMO
IGOT-0417,Ethics in Public Administration – Intermediate (Module 1),Behavioural & Managerial Competencies,Ethics in Public Administration,Intermediate,8 hrs,English,National Informatics Centre (NIC),Behavioural & Managerial Competencies; Ethics in Public Administration; Intermediate; Module 1,https://igotkarmayogi.gov.in/#/explore?searchQuery=Ethics%20in%20Public%20Administration,SYNTHETIC_SAMPLE_FOR_DEMO
IGOT-0418,Ethics in Public Administration – Intermediate (Module 2),Behavioural & Managerial Competencies,Ethics in Public Administration,Intermediate,12 hrs,"English, Hindi",Capacity Building Commission (CBC),Behavioural & Managerial Competencies; Ethics in Public Administration; Intermediate; Module 2,https://igotkarmayogi.gov.in/#/explore?searchQuery=Ethics%20in%20Public%20Administration,SYNTHETIC_SAMPLE_FOR_DEMO
IGOT-0419,Ethics in Public Administration – Advanced (Module 1),Behavioural & Managerial Competencies,Ethics in Public Administration,Advanced,20 hrs,"English, Hindi, Regional",iGOT Karmayogi Central Content Team,Behavioural & Managerial Competencies; Ethics in Public Administration; Advanced; Module 1,https://igotkarmayogi.gov.in/#/explore?searchQuery=Ethics%20in%20Public%20Administration,SYNTHETIC_SAMPLE_FOR_DEMO
IGOT-0420,Ethics in Public Administration – Advanced (Module 2),Behavioural & Managerial Competencies,Ethics in Public Administration,Advanced,2 hrs,English,National Statistical Systems Training Academy (NSSTA),Behavioural & Managerial Competencies; Ethics in Public Administration; Advanced; Module 2,https://igotkarmayogi.gov.in/#/explore?searchQuery=Ethics%20in%20Public%20Administration,SYNTHETIC_SAMPLE_FOR_DEMO
IGOT-0421,Decision Making under Uncertainty – Foundation (Module 1),Behavioural & Managerial Competencies,Decision Making under Uncertainty,Foundation,4 hrs,"English, Hindi",Indian Institute of Public Administration (IIPA),Behavioural & Managerial Competencies; Decision Making under Uncertainty; Foundation; Module 1,https://igotkarmayogi.gov.in/#/explore?searchQuery=Decision%20Making%20under%20Uncertainty,SYNTHETIC_SAMPLE_FOR_DEMO
IGOT-0422,Decision Making under Uncertainty – Foundation (Module 2),Behavioural & Managerial Competencies,Decision Making under Uncertainty,Foundation,6 hrs,"English, Hindi, Regional",Ministry of Statistics and Programme Implementation (MoSPI),Behavioural & Managerial Competencies; Decision Making under Uncertainty; Foundation; Module 2,https://igotkarmayogi.gov.in/#/explore?searchQuery=Decision%20Making%20under%20Uncertainty,SYNTHETIC_SAMPLE_FOR_DEMO
IGOT-0423,Decision Making under Uncertainty – Intermediate (Module 1),Behavioural & Managerial Competencies,Decision Making under Uncertainty,Intermediate,8 hrs,English,National Informatics Centre (NIC),Behavioural & Managerial Competencies; Decision Making under Uncertainty; Intermediate; Module 1,https://igotkarmayogi.gov.in/#/explore?searchQuery=Decision%20Making%20under%20Uncertainty,SYNTHETIC_SAMPLE_FOR_DEMO
IGOT-0424,Decision Making under Uncertainty – Intermediate (Module 2),Behavioural & Managerial Competencies,Decision Making under Uncertainty,Intermediate,12 hrs,"English, Hindi",Capacity Building Commission (CBC),Behavioural & Managerial Competencies; Decision Making under Uncertainty; Intermediate; Module 2,https://igotkarmayogi.gov.in/#/explore?searchQuery=Decision%20Making%20under%20Uncertainty,SYNTHETIC_SAMPLE_FOR_DEMO
IGOT-0425,Decision Making under Uncertainty – Advanced (Module 1),Behavioural & Managerial Competencies,Decision Making under Uncertainty,Advanced,20 hrs,"English, Hindi, Regional",iGOT Karmayogi Central Content Team,Behavioural & Managerial Competencies; Decision Making under Uncertainty; Advanced; Module 1,https://igotkarmayogi.gov.in/#/explore?searchQuery=Decision%20Making%20under%20Uncertainty,SYNTHETIC_SAMPLE_FOR_DEMO
IGOT-0426,Decision Making under Uncertainty – Advanced (Module 2),Behavioural & Managerial Competencies,Decision Making under Uncertainty,Advanced,2 hrs,English,National Statistical Systems Training Academy (NSSTA),Behavioural & Managerial Competencies; Decision Making under Uncertainty; Advanced; Module 2,https://igotkarmayogi.gov.in/#/explore?searchQuery=Decision%20Making%20under%20Uncertainty,SYNTHETIC_SAMPLE_FOR_DEMO
IGOT-0427,Change Management – Foundation (Module 1),Behavioural & Managerial Competencies,Change Management,Foundation,4 hrs,"English, Hindi",Indian Institute of Public Administration (IIPA),Behavioural & Managerial Competencies; Change Management; Foundation; Module 1,https://igotkarmayogi.gov.in/#/explore?searchQuery=Change%20Management,SYNTHETIC_SAMPLE_FOR_DEMO
IGOT-0428,Change Management – Foundation (Module 2),Behavioural & Managerial Competencies,Change Management,Foundation,6 hrs,"English, Hindi, Regional",Ministry of Statistics and Programme Implementation (MoSPI),Behavioural & Managerial Competencies; Change Management; Foundation; Module 2,https://igotkarmayogi.gov.in/#/explore?searchQuery=Change%20Management,SYNTHETIC_SAMPLE_FOR_DEMO
IGOT-0429,Change Management – Intermediate (Module 1),Behavioural & Managerial Competencies,Change Management,Intermediate,8 hrs,English,National Informatics Centre (NIC),Behavioural & Managerial Competencies; Change Management; Intermediate; Module 1,https://igotkarmayogi.gov.in/#/explore?searchQuery=Change%20Management,SYNTHETIC_SAMPLE_FOR_DEMO
IGOT-0430,Change Management – Intermediate (Module 2),Behavioural & Managerial Competencies,Change Management,Intermediate,12 hrs,"English, Hindi",Capacity Building Commission (CBC),Behavioural & Managerial Competencies; Change Management; Intermediate; Module 2,https://igotkarmayogi.gov.in/#/explore?searchQuery=Change%20Management,SYNTHETIC_SAMPLE_FOR_DEMO
IGOT-0431,Change Management – Advanced (Module 1),Behavioural & Managerial Competencies,Change Management,Advanced,20 hrs,"English, Hindi, Regional",iGOT Karmayogi Central Content Team,Behavioural & Managerial Competencies; Change Management; Advanced; Module 1,https://igotkarmayogi.gov.in/#/explore?searchQuery=Change%20Management,SYNTHETIC_SAMPLE_FOR_DEMO
IGOT-0432,Change Management – Advanced (Module 2),Behavioural & Managerial Competencies,Change Management,Advanced,2 hrs,English,National Statistical Systems Training Academy (NSSTA),Behavioural & Managerial Competencies; Change Management; Advanced; Module 2,https://igotkarmayogi.gov.in/#/explore?searchQuery=Change%20Management,SYNTHETIC_SAMPLE_FOR_DEMO
IGOT-0433,Team Building & Collaboration – Foundation (Module 1),Behavioural & Managerial Competencies,Team Building & Collaboration,Foundation,4 hrs,"English, Hindi",Indian Institute of Public Administration (IIPA),Behavioural & Managerial Competencies; Team Building & Collaboration; Foundation; Module 1,https://igotkarmayogi.gov.in/#/explore?searchQuery=Team%20Building%20%26%20Collaboration,SYNTHETIC_SAMPLE_FOR_DEMO
IGOT-0434,Team Building & Collaboration – Foundation (Module 2),Behavioural & Managerial Competencies,Team Building & Collaboration,Foundation,6 hrs,"English, Hindi, Regional",Ministry of Statistics and Programme Implementation (MoSPI),Behavioural & Managerial Competencies; Team Building & Collaboration; Foundation; Module 2,https://igotkarmayogi.gov.in/#/explore?searchQuery=Team%20Building%20%26%20Collaboration,SYNTHETIC_SAMPLE_FOR_DEMO
IGOT-0435,Team Building & Collaboration – Intermediate (Module 1),Behavioural & Managerial Competencies,Team Building & Collaboration,Intermediate,8 hrs,English,National Informatics Centre (NIC),Behavioural & Managerial Competencies; Team Building & Collaboration; Intermediate; Module 1,https://igotkarmayogi.gov.in/#/explore?searchQuery=Team%20Building%20%26%20Collaboration,SYNTHETIC_SAMPLE_FOR_DEMO
IGOT-0436,Team Building & Collaboration – Intermediate (Module 2),Behavioural & Managerial Competencies,Team Building & Collaboration,Intermediate,12 hrs,"English, Hindi",Capacity Building Commission (CBC),Behavioural & Managerial Competencies; Team Building & Collaboration; Intermediate; Module 2,https://igotkarmayogi.gov.in/#/explore?searchQuery=Team%20Building%20%26%20Collaboration,SYNTHETIC_SAMPLE_FOR_DEMO
IGOT-0437,Team Building & Collaboration – Advanced (Module 1),Behavioural & Managerial Competencies,Team Building & Collaboration,Advanced,20 hrs,"English, Hindi, Regional",iGOT Karmayogi Central Content Team,Behavioural & Managerial Competencies; Team Building & Collaboration; Advanced; Module 1,https://igotkarmayogi.gov.in/#/explore?searchQuery=Team%20Building%20%26%20Collaboration,SYNTHETIC_SAMPLE_FOR_DEMO
IGOT-0438,Team Building & Collaboration – Advanced (Module 2),Behavioural & Managerial Competencies,Team Building & Collaboration,Advanced,2 hrs,English,National Statistical Systems Training Academy (NSSTA),Behavioural & Managerial Competencies; Team Building & Collaboration; Advanced; Module 2,https://igotkarmayogi.gov.in/#/explore?searchQuery=Team%20Building%20%26%20Collaboration,SYNTHETIC_SAMPLE_FOR_DEMO
IGOT-0439,Time Management – Foundation (Module 1),Behavioural & Managerial Competencies,Time Management,Foundation,4 hrs,"English, Hindi",Indian Institute of Public Administration (IIPA),Behavioural & Managerial Competencies; Time Management; Foundation; Module 1,https://igotkarmayogi.gov.in/#/explore?searchQuery=Time%20Management,SYNTHETIC_SAMPLE_FOR_DEMO
IGOT-0440,Time Management – Foundation (Module 2),Behavioural & Managerial Competencies,Time Management,Foundation,6 hrs,"English, Hindi, Regional",Ministry of Statistics and Programme Implementation (MoSPI),Behavioural & Managerial Competencies; Time Management; Foundation; Module 2,https://igotkarmayogi.gov.in/#/explore?searchQuery=Time%20Management,SYNTHETIC_SAMPLE_FOR_DEMO
IGOT-0441,Time Management – Intermediate (Module 1),Behavioural & Managerial Competencies,Time Management,Intermediate,8 hrs,English,National Informatics Centre (NIC),Behavioural & Managerial Competencies; Time Management; Intermediate; Module 1,https://igotkarmayogi.gov.in/#/explore?searchQuery=Time%20Management,SYNTHETIC_SAMPLE_FOR_DEMO
IGOT-0442,Time Management – Intermediate (Module 2),Behavioural & Managerial Competencies,Time Management,Intermediate,12 hrs,"English, Hindi",Capacity Building Commission (CBC),Behavioural & Managerial Competencies; Time Management; Intermediate; Module 2,https://igotkarmayogi.gov.in/#/explore?searchQuery=Time%20Management,SYNTHETIC_SAMPLE_FOR_DEMO
IGOT-0443,Time Management – Advanced (Module 1),Behavioural & Managerial Competencies,Time Management,Advanced,20 hrs,"English, Hindi, Regional",iGOT Karmayogi Central Content Team,Behavioural & Managerial Competencies; Time Management; Advanced; Module 1,https://igotkarmayogi.gov.in/#/explore?searchQuery=Time%20Management,SYNTHETIC_SAMPLE_FOR_DEMO
IGOT-0444,Time Management – Advanced (Module 2),Behavioural & Managerial Competencies,Time Management,Advanced,2 hrs,English,National Statistical Systems Training Academy (NSSTA),Behavioural & Managerial Competencies; Time Management; Advanced; Module 2,https://igotkarmayogi.gov.in/#/explore?searchQuery=Time%20Management,SYNTHETIC_SAMPLE_FOR_DEMO
IGOT-0445,Conflict Resolution – Foundation (Module 1),Behavioural & Managerial Competencies,Conflict Resolution,Foundation,4 hrs,"English, Hindi",Indian Institute of Public Administration (IIPA),Behavioural & Managerial Competencies; Conflict Resolution; Foundation; Module 1,https://igotkarmayogi.gov.in/#/explore?searchQuery=Conflict%20Resolution,SYNTHETIC_SAMPLE_FOR_DEMO
IGOT-0446,Conflict Resolution – Foundation (Module 2),Behavioural & Managerial Competencies,Conflict Resolution,Foundation,6 hrs,"English, Hindi, Regional",Ministry of Statistics and Programme Implementation (MoSPI),Behavioural & Managerial Competencies; Conflict Resolution; Foundation; Module 2,https://igotkarmayogi.gov.in/#/explore?searchQuery=Conflict%20Resolution,SYNTHETIC_SAMPLE_FOR_DEMO
IGOT-0447,Conflict Resolution – Intermediate (Module 1),Behavioural & Managerial Competencies,Conflict Resolution,Intermediate,8 hrs,English,National Informatics Centre (NIC),Behavioural & Managerial Competencies; Conflict Resolution; Intermediate; Module 1,https://igotkarmayogi.gov.in/#/explore?searchQuery=Conflict%20Resolution,SYNTHETIC_SAMPLE_FOR_DEMO
IGOT-0448,Conflict Resolution – Intermediate (Module 2),Behavioural & Managerial Competencies,Conflict Resolution,Intermediate,12 hrs,"English, Hindi",Capacity Building Commission (CBC),Behavioural & Managerial Competencies; Conflict Resolution; Intermediate; Module 2,https://igotkarmayogi.gov.in/#/explore?searchQuery=Conflict%20Resolution,SYNTHETIC_SAMPLE_FOR_DEMO
IGOT-0449,Conflict Resolution – Advanced (Module 1),Behavioural & Managerial Competencies,Conflict Resolution,Advanced,20 hrs,"English, Hindi, Regional",iGOT Karmayogi Central Content Team,Behavioural & Managerial Competencies; Conflict Resolution; Advanced; Module 1,https://igotkarmayogi.gov.in/#/explore?searchQuery=Conflict%20Resolution,SYNTHETIC_SAMPLE_FOR_DEMO
IGOT-0450,Conflict Resolution – Advanced (Module 2),Behavioural & Managerial Competencies,Conflict Resolution,Advanced,2 hrs,English,National Statistical Systems Training Academy (NSSTA),Behavioural & Managerial Competencies; Conflict Resolution; Advanced; Module 2,https://igotkarmayogi.gov.in/#/explore?searchQuery=Conflict%20Resolution,SYNTHETIC_SAMPLE_FOR_DEMO
IGOT-0451,Stress Management at Workplace – Foundation (Module 1),Behavioural & Managerial Competencies,Stress Management at Workplace,Foundation,4 hrs,"English, Hindi",Indian Institute of Public Administration (IIPA),Behavioural & Managerial Competencies; Stress Management at Workplace; Foundation; Module 1,https://igotkarmayogi.gov.in/#/explore?searchQuery=Stress%20Management%20at%20Workplace,SYNTHETIC_SAMPLE_FOR_DEMO
IGOT-0452,Stress Management at Workplace – Foundation (Module 2),Behavioural & Managerial Competencies,Stress Management at Workplace,Foundation,6 hrs,"English, Hindi, Regional",Ministry of Statistics and Programme Implementation (MoSPI),Behavioural & Managerial Competencies; Stress Management at Workplace; Foundation; Module 2,https://igotkarmayogi.gov.in/#/explore?searchQuery=Stress%20Management%20at%20Workplace,SYNTHETIC_SAMPLE_FOR_DEMO
IGOT-0453,Stress Management at Workplace – Intermediate (Module 1),Behavioural & Managerial Competencies,Stress Management at Workplace,Intermediate,8 hrs,English,National Informatics Centre (NIC),Behavioural & Managerial Competencies; Stress Management at Workplace; Intermediate; Module 1,https://igotkarmayogi.gov.in/#/explore?searchQuery=Stress%20Management%20at%20Workplace,SYNTHETIC_SAMPLE_FOR_DEMO
IGOT-0454,Stress Management at Workplace – Intermediate (Module 2),Behavioural & Managerial Competencies,Stress Management at Workplace,Intermediate,12 hrs,"English, Hindi",Capacity Building Commission (CBC),Behavioural & Managerial Competencies; Stress Management at Workplace; Intermediate; Module 2,https://igotkarmayogi.gov.in/#/explore?searchQuery=Stress%20Management%20at%20Workplace,SYNTHETIC_SAMPLE_FOR_DEMO
IGOT-0455,Stress Management at Workplace – Advanced (Module 1),Behavioural & Managerial Competencies,Stress Management at Workplace,Advanced,20 hrs,"English, Hindi, Regional",iGOT Karmayogi Central Content Team,Behavioural & Managerial Competencies; Stress Management at Workplace; Advanced; Module 1,https://igotkarmayogi.gov.in/#/explore?searchQuery=Stress%20Management%20at%20Workplace,SYNTHETIC_SAMPLE_FOR_DEMO
IGOT-0456,Stress Management at Workplace – Advanced (Module 2),Behavioural & Managerial Competencies,Stress Management at Workplace,Advanced,2 hrs,English,National Statistical Systems Training Academy (NSSTA),Behavioural & Managerial Competencies; Stress Management at Workplace; Advanced; Module 2,https://igotkarmayogi.gov.in/#/explore?searchQuery=Stress%20Management%20at%20Workplace,SYNTHETIC_SAMPLE_FOR_DEMO
IGOT-0457,RTI & Public Accountability – Foundation (Module 1),Behavioural & Managerial Competencies,RTI & Public Accountability,Foundation,4 hrs,"English, Hindi",Indian Institute of Public Administration (IIPA),Behavioural & Managerial Competencies; RTI & Public Accountability; Foundation; Module 1,https://igotkarmayogi.gov.in/#/explore?searchQuery=RTI%20%26%20Public%20Accountability,SYNTHETIC_SAMPLE_FOR_DEMO
IGOT-0458,RTI & Public Accountability – Foundation (Module 2),Behavioural & Managerial Competencies,RTI & Public Accountability,Foundation,6 hrs,"English, Hindi, Regional",Ministry of Statistics and Programme Implementation (MoSPI),Behavioural & Managerial Competencies; RTI & Public Accountability; Foundation; Module 2,https://igotkarmayogi.gov.in/#/explore?searchQuery=RTI%20%26%20Public%20Accountability,SYNTHETIC_SAMPLE_FOR_DEMO
IGOT-0459,RTI & Public Accountability – Intermediate (Module 1),Behavioural & Managerial Competencies,RTI & Public Accountability,Intermediate,8 hrs,English,National Informatics Centre (NIC),Behavioural & Managerial Competencies; RTI & Public Accountability; Intermediate; Module 1,https://igotkarmayogi.gov.in/#/explore?searchQuery=RTI%20%26%20Public%20Accountability,SYNTHETIC_SAMPLE_FOR_DEMO
IGOT-0460,RTI & Public Accountability – Intermediate (Module 2),Behavioural & Managerial Competencies,RTI & Public Accountability,Intermediate,12 hrs,"English, Hindi",Capacity Building Commission (CBC),Behavioural & Managerial Competencies; RTI & Public Accountability; Intermediate; Module 2,https://igotkarmayogi.gov.in/#/explore?searchQuery=RTI%20%26%20Public%20Accountability,SYNTHETIC_SAMPLE_FOR_DEMO
IGOT-0461,RTI & Public Accountability – Advanced (Module 1),Behavioural & Managerial Competencies,RTI & Public Accountability,Advanced,20 hrs,"English, Hindi, Regional",iGOT Karmayogi Central Content Team,Behavioural & Managerial Competencies; RTI & Public Accountability; Advanced; Module 1,https://igotkarmayogi.gov.in/#/explore?searchQuery=RTI%20%26%20Public%20Accountability,SYNTHETIC_SAMPLE_FOR_DEMO
IGOT-0462,RTI & Public Accountability – Advanced (Module 2),Behavioural & Managerial Competencies,RTI & Public Accountability,Advanced,2 hrs,English,National Statistical Systems Training Academy (NSSTA),Behavioural & Managerial Competencies; RTI & Public Accountability; Advanced; Module 2,https://igotkarmayogi.gov.in/#/explore?searchQuery=RTI%20%26%20Public%20Accountability,SYNTHETIC_SAMPLE_FOR_DEMO
IGOT-0463,Office Procedure & File Management – Foundation (Module 1),Behavioural & Managerial Competencies,Office Procedure & File Management,Foundation,4 hrs,"English, Hindi",Indian Institute of Public Administration (IIPA),Behavioural & Managerial Competencies; Office Procedure & File Management; Foundation; Module 1,https://igotkarmayogi.gov.in/#/explore?searchQuery=Office%20Procedure%20%26%20File%20Management,SYNTHETIC_SAMPLE_FOR_DEMO
IGOT-0464,Office Procedure & File Management – Foundation (Module 2),Behavioural & Managerial Competencies,Office Procedure & File Management,Foundation,6 hrs,"English, Hindi, Regional",Ministry of Statistics and Programme Implementation (MoSPI),Behavioural & Managerial Competencies; Office Procedure & File Management; Foundation; Module 2,https://igotkarmayogi.gov.in/#/explore?searchQuery=Office%20Procedure%20%26%20File%20Management,SYNTHETIC_SAMPLE_FOR_DEMO
IGOT-0465,Office Procedure & File Management – Intermediate (Module 1),Behavioural & Managerial Competencies,Office Procedure & File Management,Intermediate,8 hrs,English,National Informatics Centre (NIC),Behavioural & Managerial Competencies; Office Procedure & File Management; Intermediate; Module 1,https://igotkarmayogi.gov.in/#/explore?searchQuery=Office%20Procedure%20%26%20File%20Management,SYNTHETIC_SAMPLE_FOR_DEMO
IGOT-0666,Office Procedure & File Management – Intermediate (Module 2),Behavioural & Managerial Competencies,Office Procedure & File Management,Intermediate,12 hrs,"English, Hindi",Capacity Building Commission (CBC),Behavioural & Managerial Competencies; Office Procedure & File Management; Intermediate; Module 2,https://igotkarmayogi.gov.in/#/explore?searchQuery=Office%20Procedure%20%26%20File%20Management,SYNTHETIC_SAMPLE_FOR_DEMO
IGOT-0467,Office Procedure & File Management – Advanced (Module 1),Behavioural & Managerial Competencies,Office Procedure & File Management,Advanced,20 hrs,"English, Hindi, Regional",iGOT Karmayogi Central Content Team,Behavioural & Managerial Competencies; Office Procedure & File Management; Advanced; Module 1,https://igotkarmayogi.gov.in/#/explore?searchQuery=Office%20Procedure%20%26%20File%20Management,SYNTHETIC_SAMPLE_FOR_DEMO
IGOT-0468,Office Procedure & File Management – Advanced (Module 2),Behavioural & Managerial Competencies,Office Procedure & File Management,Advanced,2 hrs,English,National Statistical Systems Training Academy (NSSTA),Behavioural & Managerial Competencies; Office Procedure & File Management; Advanced; Module 2,https://igotkarmayogi.gov.in/#/explore?searchQuery=Office%20Procedure%20%26%20File%20Management,SYNTHETIC_SAMPLE_FOR_DEMO
